Workbook

Sheet Planilha1
A1: matched_ID | B1: (Vários itens)
G2: ID | H2: MATCHED_ID
A3: Soma de ipp | G3: 1529 | H3: =VLOOKUP(G3,Sheet1!$A:$BN,66,0) -> 220604
A4: id | B4: Total | E4: 3 | F4: ultimoStatus.nome | G4: =VLOOKUP(G$3,Sheet1!$A:$BN,$E4,0) -> GERSON VILAS-BÔAS | H4: =VLOOKUP(H$3,Sheet1!$A:$BN,$E4,0) -> Marcos Tavares
A5: 1529 | B5: 0.17297393 | E5: 4 | F5: ultimoStatus.siglaPartido | G5: =VLOOKUP(G$3,Sheet1!$A:$BN,$E5,0) -> PMDB | H5: =VLOOKUP(H$3,Sheet1!$A:$BN,$E5,0) -> PDT
A6: 1538 | B6: 0.17694364 | E6: 5 | F6: sexo | G6: =VLOOKUP(G$3,Sheet1!$A:$BN,$E6,0) -> M | H6: =VLOOKUP(H$3,Sheet1!$A:$BN,$E6,0) -> M
A7: 62926 | B7: 0.22046409 | E7: 6 | F7: dataNascimento | G7: =VLOOKUP(G$3,Sheet1!$A:$BN,$E7,0) -> 1934-11-01 | H7: =VLOOKUP(H$3,Sheet1!$A:$BN,$E7,0) -> 1978-01-28
A8: 66828 | B8: 1.0049649 | E8: 7 | F8: escolaridade | G8: =VLOOKUP(G$3,Sheet1!$A:$BN,$E8,0) -> Superior | H8: =VLOOKUP(H$3,Sheet1!$A:$BN,$E8,0) -> Pós-Graduação
A9: 67312 | B9: 0.2255696 | E9: 8 | F9: idade_posse | G9: =VLOOKUP(G$3,Sheet1!$A:$BN,$E9,0) -> 52 | H9: =VLOOKUP(H$3,Sheet1!$A:$BN,$E9,0) -> 45
A10: 73438 | B10: 0.26472232 | E10: 9 | F10: tempo_atuacao_dias | G10: =VLOOKUP(G$3,Sheet1!$A:$BN,$E10,0) -> 1460 | H10: =VLOOKUP(H$3,Sheet1!$A:$BN,$E10,0) -> 603
A11: 73464 | B11: 0.87315106 | E11: 10 | F11: tempo_atuacao_percent | G11: =VLOOKUP(G$3,Sheet1!$A:$BN,$E11,0) -> 1 | H11: =VLOOKUP(H$3,Sheet1!$A:$BN,$E11,0) -> 1.06
A12: 73476 | B12: 0.26300902 | E12: 11 | F12: mesa_1 | G12: =VLOOKUP(G$3,Sheet1!$A:$BN,$E12,0) -> 0 | H12: =VLOOKUP(H$3,Sheet1!$A:$BN,$E12,0) -> 0
A13: 73483 | B13: 1.6330625 | E13: 12 | F13: mesa_2 | G13: =VLOOKUP(G$3,Sheet1!$A:$BN,$E13,0) -> 0 | H13: =VLOOKUP(H$3,Sheet1!$A:$BN,$E13,0) -> 0
A14: 73489 | B14: 0.16142132 | E14: 13 | F14: pos_lider | G14: =VLOOKUP(G$3,Sheet1!$A:$BN,$E14,0) -> 0 | H14: =VLOOKUP(H$3,Sheet1!$A:$BN,$E14,0) -> 0
A15: 73495 | B15: 0.52345841 | E15: 14 | F15: pos_comiss_pr | G15: =VLOOKUP(G$3,Sheet1!$A:$BN,$E15,0) -> 0 | H15: =VLOOKUP(H$3,Sheet1!$A:$BN,$E15,0) -> 0
A16: 73554 | B16: 0.40425699 | E16: 15 | F16: relatorias | G16: =VLOOKUP(G$3,Sheet1!$A:$BN,$E16,0) -> 0 | H16: =VLOOKUP(H$3,Sheet1!$A:$BN,$E16,0) -> 29
... A66: 74444 | B66: 0.6298982 | E66: 65 | F66: is_evangelico | G66: =VLOOKUP(G$3,Sheet1!$A:$BN,$E66,0) -> TRUE | H66: =VLOOKUP(H$3,Sheet1!$A:$BN,$E66,0) -> FALSE
A67: 74451 | B67: 0.56219531
A68: 74479 | B68: 0.5551562
A69: 74481 | B69: 0.21596419
A70: 74483 | B70: 0.20990159
A71: 74526 | B71: 0.22208499
A72: 74540 | B72: 0.99353567
A73: 74567 | B73: 0.51729948
A74: 74577 | B74: 0.62374691
A75: 74581 | B75: 1.3673177
A76: 74582 | B76: 0.27927782
A77: 74585 | B77: 3.0257205
A78: 74632 | B78: 0.53966015
... A445: 220712 | B445: 0.27524438
A446: Total Geral | B446: 219.94348

Sheet Sheet1
A1: id | B1: idLegislatura | C1: ultimoStatus.nome | D1: ultimoStatus.siglaPartido | E1: sexo | F1: dataNascimento | G1: escolaridade | H1: idade_posse | I1: tempo_atuacao_dias | J1: tempo_atuacao_percent | K1: mesa_1 | L1: mesa_2 | M1: pos_lider | N1: pos_comiss_pr | O1: relatorias | P1: relatorias_ln | Q1: mand_dep_estadual | R1: mand_ver | S1: mand_sen | T1: fid_municipais | U1: fid_gerais | V1: mesa_1_cum | W1: mesa_2_cum | X1: pos_lider_cum | Y1: pos_comiss_pr_cum | Z1: fid_municipais_cum | AA1: fid_gerais_cum | AB1: relatorias_cum | AC1: tempo_atuacao_percent_cum | AD1: mand_dep_estadual_cum | AE1: mand_ver_cum | AF1: mand_sen_cum | AG1: relatorias_ln_cum | AH1: idade_posse_norm | AI1: mesa_1_cum_norm | AJ1: mesa_2_cum_norm | AK1: pos_lider_cum_norm | AL1: pos_comiss_pr_cum_norm | AM1: fid_municipais_cum_norm | AN1: fid_gerais_cum_norm | AO1: tempo_atuacao_percent_cum_norm | AP1: mand_dep_estadual_cum_norm | AQ1: mand_ver_cum_norm | AR1: mand_sen_cum_norm | AS1: relatorias_ln_cum_norm | AT1: w_idade_posse_norm | AU1: w_tempo_atuacao_percent_cum_norm | AV1: w_mesa_1_cum_norm | AW1: w_mesa_2_cum_norm | AX1: w_pos_lider_cum_norm | AY1: w_pos_comiss_pr_cum_norm | AZ1: w_relatorias_ln_cum_norm | BA1: w_mand_dep_estadual_cum_norm | BB1: w_mand_ver_cum_norm | BC1: w_mand_sen_cum_norm | BD1: w_fid_municipais_cum_norm | BE1: w_fid_gerais_cum_norm | BF1: dim_comprometimento | BG1: dim_carreira | BH1: dim_fidelidade | BI1: dim_comprometimento_norm | BJ1: dim_carreira_norm | BK1: dim_fidelidade_norm | BL1: ipp | BM1: is_evangelico | BN1: matched_ID
A2: 204362 | B2: 56 | C2: Ricardo Guidi | D2: PL | E2: M | F2: 1977-09-28 | G2: Pós-Graduação | H2: 41 | I2: 1460 | J2: 1 | K2: 0 | L2: 0 | M2: 0 | N2: 0 | O2: 3 | P2: 1.0986123 | Q2: 1 | R2: 0 | S2: 0 | T2: 1 | U2: 1 | V2: 0 | W2: 0 | X2: 0 | Y2: 0 | Z2: 1 | AA2: 1 | AB2: 3 | AC2: 1 | AD2: 1 | AE2: 0 | AF2: 0 | AG2: 1.3862944 | AH2: 0.5060241 | AI2: 0 | AJ2: 0 | AK2: 0 | AL2: 0 | AM2: 0.11111111 | AN2: 0.14285714 | AO2: 0.94339623 | AP2: 0.14285714 | AQ2: 0 | AR2: 0 | AS2: 0.15160013 | AT2: 0.5060241 | AU2: 0.94339623 | AV2: 0 | AW2: 0 | AX2: 0 | AY2: 0 | AZ2: 0.30320025 | BA2: 0.028571429 | BB2: 0 | BC2: 0 | BD2: 0.11111111 | BE2: 0.14285714 | BF2: 1.2465965 | BG2: 0.53459552 | BH2: 0.25396825 | BI2: 0.12445212 | BJ2: 0.52842601 | BK2: 0.12698413 | BL2: 0.25995408 | BM2: TRUE | BN2: 228941
A3: 204362 | B3: 57 | C3: Ricardo Guidi | D3: PL | E3: M | F3: 1977-09-28 | G3: Pós-Graduação | H3: 41 | I3: 212 | J3: 0.37 | K3: 0 | L3: 0 | M3: 0 | N3: 0 | O3: 0 | P3: 0 | Q3: 1 | R3: 0 | S3: 0 | T3: 1 | U3: 0 | V3: 0 | W3: 0 | X3: 0 | Y3: 0 | Z3: 2 | AA3: 1 | AB3: 3 | AC3: 0.685 | AD3: 1 | AE3: 0 | AF3: 0 | AG3: 1.3862944 | AH3: 0.5060241 | AI3: 0 | AJ3: 0 | AK3: 0 | AL3: 0 | AM3: 0.22222222 | AN3: 0.14285714 | AO3: 0.64622642 | AP3: 0.14285714 | AQ3: 0 | AR3: 0 | AS3: 0.15160013 | AT3: 0.5060241 | AU3: 0.64622642 | AV3: 0 | AW3: 0 | AX3: 0 | AY3: 0 | AZ3: 0.30320025 | BA3: 0.028571429 | BB3: 0 | BC3: 0 | BD3: 0.22222222 | BE3: 0.14285714 | BF3: 0.94942667 | BG3: 0.53459552 | BH3: 0.36507937 | BI3: 0.094784611 | BJ3: 0.52842601 | BK3: 0.18253968 | BL3: 0.26858343 | BM3: TRUE | BN3: 228941
A4: 178954 | B4: 55 | C4: Lucio Mosquini | D4: MDB | E4: M | F4: 1969-07-23 | G4: Pós-Graduação | H4: 45 | I4: 1460 | J4: 1 | K4: 0 | L4: 0 | M4: 0 | N4: 0 | O4: 13 | P4: 2.5649494 | Q4: 0 | R4: 0 | S4: 0 | T4: 1 | U4: 1 | V4: 0 | W4: 0 | X4: 0 | Y4: 0 | Z4: 1 | AA4: 1 | AB4: 13 | AC4: 1 | AD4: 0 | AE4: 0 | AF4: 0 | AG4: 2.6390573 | AH4: 0.45783133 | AI4: 0 | AJ4: 0 | AK4: 0 | AL4: 0 | AM4: 0.11111111 | AN4: 0.14285714 | AO4: 0.94339623 | AP4: 0 | AQ4: 0 | AR4: 0 | AS4: 0.28859775 | AT4: 0.45783133 | AU4: 0.94339623 | AV4: 0 | AW4: 0 | AX4: 0 | AY4: 0 | AZ4: 0.57719549 | BA4: 0 | BB4: 0 | BC4: 0 | BD4: 0.11111111 | BE4: 0.14285714 | BF4: 1.5205917 | BG4: 0.45783133 | BH4: 0.25396825 | BI4: 0.15180603 | BJ4: 0.45254771 | BK4: 0.12698413 | BL4: 0.24377929 | BM4: TRUE | BN4: 228837
A5: 178954 | B5: 56 | C5: Lucio Mosquini | D5: MDB | E5: M | F5: 1969-07-23 | G5: Pós-Graduação | H5: 45 | I5: 1460 | J5: 1 | K5: 0 | L5: 0 | M5: 0 | N5: 0 | O5: 14 | P5: 2.6390573 | Q5: 0 | R5: 0 | S5: 0 | T5: 1 | U5: 1 | V5: 0 | W5: 0 | X5: 0 | Y5: 0 | Z5: 2 | AA5: 2 | AB5: 27 | AC5: 1 | AD5: 0 | AE5: 0 | AF5: 0 | AG5: 3.3322045 | AH5: 0.45783133 | AI5: 0 | AJ5: 0 | AK5: 0 | AL5: 0 | AM5: 0.22222222 | AN5: 0.28571429 | AO5: 0.94339623 | AP5: 0 | AQ5: 0 | AR5: 0 | AS5: 0.36439781 | AT5: 0.45783133 | AU5: 0.94339623 | AV5: 0 | AW5: 0 | AX5: 0 | AY5: 0 | AZ5: 0.72879562 | BA5: 0 | BB5: 0 | BC5: 0 | BD5: 0.22222222 | BE5: 0.28571429 | BF5: 1.6721918 | BG5: 0.45783133 | BH5: 0.50793651 | BI5: 0.16694081 | BJ5: 0.45254771 | BK5: 0.25396825 | BL5: 0.29115226 | BM5: TRUE | BN5: 228837
A6: 178954 | B6: 57 | C6: Lucio Mosquini | D6: MDB | E6: M | F6: 1969-07-23 | G6: Pós-Graduação | H6: 45 | I6: 603 | J6: 1.06 | K6: 0 | L6: 1 | M6: 0 | N6: 0 | O6: 0 | P6: 0 | Q6: 0 | R6: 0 | S6: 0 | T6: 1 | U6: 0 | V6: 0 | W6: 1 | X6: 0 | Y6: 0 | Z6: 3 | AA6: 2 | AB6: 27 | AC6: 1.02 | AD6: 0 | AE6: 0 | AF6: 0 | AG6: 3.3322045 | AH6: 0.45783133 | AI6: 0 | AJ6: 0.2 | AK6: 0 | AL6: 0 | AM6: 0.33333333 | AN6: 0.28571429 | AO6: 0.96226415 | AP6: 0 | AQ6: 0 | AR6: 0 | AS6: 0.36439781 | AT6: 0.45783133 | AU6: 0.96226415 | AV6: 0 | AW6: 0.6 | AX6: 0 | AY6: 0 | AZ6: 0.72879562 | BA6: 0 | BB6: 0 | BC6: 0 | BD6: 0.33333333 | BE6: 0.28571429 | BF6: 2.2910598 | BG6: 0.45783133 | BH6: 0.61904762 | BI6: 0.22872457 | BJ6: 0.45254771 | BK6: 0.30952381 | BL6: 0.33026536 | BM6: TRUE | BN6: 228837
A7: 139178 | B7: 48 | C7: DASO COIMBRA | D7: PRN | E7: M | F7: 1926-06-16 | G7: Superior | H7: 60 | I7: 1460 | J7: 1 | K7: 0 | L7: 0 | M7: 0 | N7: 0 | O7: 0 | P7: 0 | Q7: 2 | R7: 0 | S7: 0 | T7: 1 | U7: 0 | V7: 0 | W7: 0 | X7: 0 | Y7: 0 | Z7: 1 | AA7: 0 | AB7: 0 | AC7: 1 | AD7: 2 | AE7: 0 | AF7: 0 | AG7: 0 | AH7: 0.27710843 | AI7: 0 | AJ7: 0 | AK7: 0 | AL7: 0 | AM7: 0.11111111 | AN7: 0 | AO7: 0.94339623 | AP7: 0.28571429 | AQ7: 0 | AR7: 0 | AS7: 0 | AT7: 0.27710843 | AU7: 0.94339623 | AV7: 0 | AW7: 0 | AX7: 0 | AY7: 0 | AZ7: 0 | BA7: 0.057142857 | BB7: 0 | BC7: 0 | BD7: 0.11111111 | BE7: 0 | BF7: 0.94339623 | BG7: 0.33425129 | BH7: 0.11111111 | BI7: 0.09418257 | BJ7: 0.33039385 | BK7: 0.055555556 | BL7: 0.16004399 | BM7: TRUE | BN7: 228616
A8: 204573 | B8: 56 | C8: Otto Alencar Filho | D8: PSD | E8: M | F8: 1977-07-07 | G8: Pós-Graduação | H8: 41 | I8: 1460 | J8: 1 | K8: 0 | L8: 0 | M8: 0 | N8: 0 | O8: 41 | P8: 3.7135721 | Q8: 0 | R8: 0 | S8: 0 | T8: 1 | U8: 1 | V8: 0 | W8: 0 | X8: 0 | Y8: 0 | Z8: 1 | AA8: 1 | AB8: 41 | AC8: 1 | AD8: 0 | AE8: 0 | AF8: 0 | AG8: 3.7376696 | AH8: 0.5060241 | AI8: 0 | AJ8: 0 | AK8: 0 | AL8: 0 | AM8: 0.11111111 | AN8: 0.14285714 | AO8: 0.94339623 | AP8: 0 | AQ8: 0 | AR8: 0 | AS8: 0.408738 | AT8: 0.5060241 | AU8: 0.94339623 | AV8: 0 | AW8: 0 | AX8: 0 | AY8: 0 | AZ8: 0.81747601 | BA8: 0 | BB8: 0 | BC8: 0 | BD8: 0.11111111 | BE8: 0.14285714 | BF8: 1.7608722 | BG8: 0.5060241 | BH8: 0.25396825 | BI8: 0.17579408 | BJ8: 0.50018431 | BK8: 0.12698413 | BL8: 0.26765417 | BM8: TRUE | BN8: 228042
A9: 204573 | B9: 57 | C9: Otto Alencar Filho | D9: PSD | E9: M | F9: 1977-07-07 | G9: Pós-Graduação | H9: 41 | I9: 603 | J9: 1.06 | K9: 0 | L9: 0 | M9: 0 | N9: 0 | O9: 7 | P9: 1.9459101 | Q9: 0 | R9: 0 | S9: 0 | T9: 1 | U9: 0 | V9: 0 | W9: 0 | X9: 0 | Y9: 0 | Z9: 2 | AA9: 1 | AB9: 48 | AC9: 1.03 | AD9: 0 | AE9: 0 | AF9: 0 | AG9: 3.8918203 | AH9: 0.5060241 | AI9: 0 | AJ9: 0 | AK9: 0 | AL9: 0 | AM9: 0.22222222 | AN9: 0.14285714 | AO9: 0.97169811 | AP9: 0 | AQ9: 0 | AR9: 0 | AS9: 0.42559536 | AT9: 0.5060241 | AU9: 0.97169811 | AV9: 0 | AW9: 0 | AX9: 0 | AY9: 0 | AZ9: 0.85119073 | BA9: 0 | BB9: 0 | BC9: 0 | BD9: 0.22222222 | BE9: 0.14285714 | BF9: 1.8228888 | BG9: 0.5060241 | BH9: 0.36507937 | BI9: 0.18198542 | BJ9: 0.50018431 | BK9: 0.18253968 | BL9: 0.28823647 | BM9: TRUE | BN9: 228042
A10: 139284 | B10: 48 | C10: LEVY DIAS | D10: PFL | E10: M | F10: 1938-05-30 | G10: Superior | H10: 48 | I10: 1460 | J10: 1 | K10: 0 | L10: 0 | M10: 0 | N10: 0 | O10: 0 | P10: 0 | Q10: 1 | R10: 0 | S10: 0 | T10: 1 | U10: 0 | V10: 0 | W10: 0 | X10: 0 | Y10: 0 | Z10: 1 | AA10: 0 | AB10: 0 | AC10: 1 | AD10: 1 | AE10: 0 | AF10: 0 | AG10: 0 | AH10: 0.42168675 | AI10: 0 | AJ10: 0 | AK10: 0 | AL10: 0 | AM10: 0.11111111 | AN10: 0 | AO10: 0.94339623 | AP10: 0.14285714 | AQ10: 0 | AR10: 0 | AS10: 0 | AT10: 0.42168675 | AU10: 0.94339623 | AV10: 0 | AW10: 0 | AX10: 0 | AY10: 0 | AZ10: 0 | BA10: 0.028571429 | BB10: 0 | BC10: 0 | BD10: 0.11111111 | BE10: 0 | BF10: 0.94339623 | BG10: 0.45025818 | BH10: 0.11111111 | BI10: 0.09418257 | BJ10: 0.44506196 | BK10: 0.055555556 | BL10: 0.19826669 | BM10: TRUE | BN10: 227660
A11: 220534 | B11: 57 | C11: Fred Linhares | D11: REPUBLICANOS | E11: M | F11: 1980-01-26 | G11: Superior | H11: 43 | I11: 603 | J11: 1.06 | K11: 0 | L11: 0 | M11: 0 | N11: 0 | O11: 19 | P11: 2.944439 | Q11: 0 | R11: 0 | S11: 0 | T11: 1 | U11: 0 | V11: 0 | W11: 0 | X11: 0 | Y11: 0 | Z11: 1 | AA11: 0 | AB11: 19 | AC11: 1.06 | AD11: 0 | AE11: 0 | AF11: 0 | AG11: 2.9957323 | AH11: 0.48192771 | AI11: 0 | AJ11: 0 | AK11: 0 | AL11: 0 | AM11: 0.11111111 | AN11: 0 | AO11: 1 | AP11: 0 | AQ11: 0 | AR11: 0 | AS11: 0.32760242 | AT11: 0.48192771 | AU11: 1 | AV11: 0 | AW11: 0 | AX11: 0 | AY11: 0 | AZ11: 0.65520485 | BA11: 0 | BB11: 0 | BC11: 0 | BD11: 0.11111111 | BE11: 0 | BF11: 1.6552048 | BG11: 0.48192771 | BH11: 0.11111111 | BI11: 0.16524493 | BJ11: 0.47636601 | BK11: 0.055555556 | BL11: 0.23238883 | BM11: TRUE | BN11: 225727
A12: 139168 | B12: 48 | C12: CELSO DOURADO | D12: PMDB | E12: M | F12: 1932-06-10 | G12: Superior | H12: 54 | I12: 1460 | J12: 1 | K12: 0 | L12: 0 | M12: 0 | N12: 0 | O12: 0 | P12: 0 | Q12: 0 | R12: 1 | S12: 0 | T12: 1 | U12: 0 | V12: 0 | W12: 0 | X12: 0 | Y12: 0 | Z12: 1 | AA12: 0 | AB12: 0 | AC12: 1 | AD12: 0 | AE12: 1 | AF12: 0 | AG12: 0 | AH12: 0.34939759 | AI12: 0 | AJ12: 0 | AK12: 0 | AL12: 0 | AM12: 0.11111111 | AN12: 0 | AO12: 0.94339623 | AP12: 0 | AQ12: 0.16666667 | AR12: 0 | AS12: 0 | AT12: 0.34939759 | AU12: 0.94339623 | AV12: 0 | AW12: 0 | AX12: 0 | AY12: 0 | AZ12: 0 | BA12: 0 | BB12: 0.016666667 | BC12: 0 | BD12: 0.11111111 | BE12: 0 | BF12: 0.94339623 | BG12: 0.36606426 | BH12: 0.11111111 | BI12: 0.09418257 | BJ12: 0.36183968 | BK12: 0.055555556 | BL12: 0.17052594 | BM12: TRUE | BN12: 221339
A13: 160629 | B13: 54 | C13: Romero Rodrigues | D13: PODE | E13: M | F13: 1966-01-09 | G13: Mestrado | H13: 45 | I13: 579 | J13: 0.4 | K13: 0 | L13: 0 | M13: 0 | N13: 0 | O13: 16 | P13: 2.7725887 | Q13: 1 | R13: 4 | S13: 0 | T13: 0 | U13: 0 | V13: 0 | W13: 0 | X13: 0 | Y13: 0 | Z13: 0 | AA13: 0 | AB13: 16 | AC13: 0.4 | AD13: 1 | AE13: 4 | AF13: 0 | AG13: 2.8332133 | AH13: 0.45783133 | AI13: 0 | AJ13: 0 | AK13: 0 | AL13: 0 | AM13: 0 | AN13: 0 | AO13: 0.37735849 | AP13: 0.14285714 | AQ13: 0.66666667 | AR13: 0 | AS13: 0.30982994 | AT13: 0.45783133 | AU13: 0.37735849 | AV13: 0 | AW13: 0 | AX13: 0 | AY13: 0 | AZ13: 0.61965989 | BA13: 0.028571429 | BB13: 0.066666667 | BC13: 0 | BD13: 0 | BE13: 0 | BF13: 0.99701838 | BG13: 0.55306942 | BH13: 0 | BI13: 0.099535859 | BJ13: 0.5466867 | BK13: 0 | BL13: 0.21540752 | BM13: TRUE | BN13: 221183
... A92: 220532 | B92: 57 | C92: Rafael Prudente | D92: MDB | E92: M | F92: 1983-11-05 | G92: Superior | H92: 39 | I92: 603 | J92: 1.06 | K92: 0 | L92: 0 | M92: 0 | N92: 1 | O92: 4 | P92: 1.3862944 | Q92: 0 | R92: 0 | S92: 0 | T92: 1 | U92: 0 | V92: 0 | W92: 0 | X92: 0 | Y92: 1 | Z92: 1 | AA92: 0 | AB92: 4 | AC92: 1.06 | AD92: 0 | AE92: 0 | AF92: 0 | AG92: 1.6094379 | AH92: 0.53012048 | AI92: 0 | AJ92: 0 | AK92: 0 | AL92: 0.2 | AM92: 0.11111111 | AN92: 0 | AO92: 1 | AP92: 0 | AQ92: 0 | AR92: 0 | AS92: 0.1760023 | AT92: 0.53012048 | AU92: 1 | AV92: 0 | AW92: 0 | AX92: 0 | AY92: 0.6 | AZ92: 0.3520046 | BA92: 0 | BB92: 0 | BC92: 0 | BD92: 0.11111111 | BE92: 0 | BF92: 1.9520046 | BG92: 0.53012048 | BH92: 0.11111111 | BI92: 0.1948755 | BJ92: 0.52400261 | BK92: 0.055555556 | BL92: 0.25814455 | BM92: TRUE | BN92: 204550
A93: 220619 | B93: 57 | C93: Delegado Ramagem | D93: PL | E93: M | F93: 1972-05-08 | G93: 0 | H93: 50 | I93: 603 | J93: 1.06 | K93: 0 | L93: 0 | M93: 0 | N93: 0 | O93: 34 | P93: 3.5263605 | Q93: 0 | R93: 0 | S93: 0 | T93: 1 | U93: 0 | V93: 0 | W93: 0 | X93: 0 | Y93: 0 | Z93: 1 | AA93: 0 | AB93: 34 | AC93: 1.06 | AD93: 0 | AE93: 0 | AF93: 0 | AG93: 3.5553481 | AH93: 0.39759036 | AI93: 0 | AJ93: 0 | AK93: 0 | AL93: 0 | AM93: 0.11111111 | AN93: 0 | AO93: 1 | AP93: 0 | AQ93: 0 | AR93: 0 | AS93: 0.38879998 | AT93: 0.39759036 | AU93: 1 | AV93: 0 | AW93: 0 | AX93: 0 | AY93: 0 | AZ93: 0.77759996 | BA93: 0 | BB93: 0 | BC93: 0 | BD93: 0.11111111 | BE93: 0 | BF93: 1.7776 | BG93: 0.39759036 | BH93: 0.11111111 | BI93: 0.17746407 | BJ93: 0.39300196 | BK93: 0.055555556 | BL93: 0.20867386 | BM93: TRUE | BN93: 204537
A94: 215043 | B94: 56 | C94: Josivaldo JP | D94: PSD | E94: M | F94: 1983-11-29 | G94: Ensino Médio | H94: 35 | I94: 760 | J94: 0.52 | K94: 0 | L94: 0 | M94: 0 | N94: 0 | O94: 12 | P94: 2.4849066 | Q94: 0 | R94: 0 | S94: 0 | T94: 1 | U94: 1 | V94: 0 | W94: 0 | X94: 0 | Y94: 0 | Z94: 1 | AA94: 1 | AB94: 12 | AC94: 0.52 | AD94: 0 | AE94: 0 | AF94: 0 | AG94: 2.5649494 | AH94: 0.57831325 | AI94: 0 | AJ94: 0 | AK94: 0 | AL94: 0 | AM94: 0.11111111 | AN94: 0.14285714 | AO94: 0.49056604 | AP94: 0 | AQ94: 0 | AR94: 0 | AS94: 0.28049357 | AT94: 0.57831325 | AU94: 0.49056604 | AV94: 0 | AW94: 0 | AX94: 0 | AY94: 0 | AZ94: 0.56098713 | BA94: 0 | BB94: 0 | BC94: 0 | BD94: 0.11111111 | BE94: 0.14285714 | BF94: 1.0515532 | BG94: 0.57831325 | BH94: 0.25396825 | BI94: 0.10498026 | BJ94: 0.57163921 | BK94: 0.12698413 | BL94: 0.26786787 | BM94: TRUE | BN94: 204534
A95: 215043 | B95: 57 | C95: Josivaldo JP | D95: PSD | E95: M | F95: 1983-11-29 | G95: Ensino Médio | H95: 35 | I95: 603 | J95: 1.06 | K95: 0 | L95: 0 | M95: 0 | N95: 0 | O95: 1 | P95: 0 | Q95: 0 | R95: 0 | S95: 0 | T95: 1 | U95: 0 | V95: 0 | W95: 0 | X95: 0 | Y95: 0 | Z95: 2 | AA95: 1 | AB95: 13 | AC95: 0.79 | AD95: 0 | AE95: 0 | AF95: 0 | AG95: 2.6390573 | AH95: 0.57831325 | AI95: 0 | AJ95: 0 | AK95: 0 | AL95: 0 | AM95: 0.22222222 | AN95: 0.14285714 | AO95: 0.74528302 | AP95: 0 | AQ95: 0 | AR95: 0 | AS95: 0.28859775 | AT95: 0.57831325 | AU95: 0.74528302 | AV95: 0 | AW95: 0 | AX95: 0 | AY95: 0 | AZ95: 0.57719549 | BA95: 0 | BB95: 0 | BC95: 0 | BD95: 0.22222222 | BE95: 0.14285714 | BF95: 1.3224785 | BG95: 0.57831325 | BH95: 0.36507937 | BI95: 0.13202769 | BJ95: 0.57163921 | BK95: 0.18253968 | BL95: 0.29540219 | BM95: TRUE | BN95: 204534
A96: 178876 | B96: 55 | C96: Célio Silveira | D96: MDB | E96: M | F96: 1959-09-19 | G96: Superior | H96: 55 | I96: 1460 | J96: 1 | K96: 0 | L96: 0 | M96: 0 | N96: 0 | O96: 14 | P96: 2.6390573 | Q96: 2 | R96: 0 | S96: 0 | T96: 1 | U96: 1 | V96: 0 | W96: 0 | X96: 0 | Y96: 0 | Z96: 1 | AA96: 1 | AB96: 14 | AC96: 1 | AD96: 2 | AE96: 0 | AF96: 0 | AG96: 2.7080502 | AH96: 0.3373494 | AI96: 0 | AJ96: 0 | AK96: 0 | AL96: 0 | AM96: 0.11111111 | AN96: 0.14285714 | AO96: 0.94339623 | AP96: 0.28571429 | AQ96: 0 | AR96: 0 | AS96: 0.29614256 | AT96: 0.3373494 | AU96: 0.94339623 | AV96: 0 | AW96: 0 | AX96: 0 | AY96: 0 | AZ96: 0.59228511 | BA96: 0.057142857 | BB96: 0 | BC96: 0 | BD96: 0.11111111 | BE96: 0.14285714 | BF96: 1.5356813 | BG96: 0.39449225 | BH96: 0.25396825 | BI96: 0.15331248 | BJ96: 0.3899396 | BK96: 0.12698413 | BL96: 0.22341207 | BM96: TRUE | BN96: 204521
A97: 178876 | B97: 56 | C97: Célio Silveira | D97: MDB | E97: M | F97: 1959-09-19 | G97: Superior | H97: 55 | I97: 1460 | J97: 1 | K97: 0 | L97: 0 | M97: 0 | N97: 0 | O97: 35 | P97: 3.5553481 | Q97: 2 | R97: 0 | S97: 0 | T97: 1 | U97: 1 | V97: 0 | W97: 0 | X97: 0 | Y97: 0 | Z97: 2 | AA97: 2 | AB97: 49 | AC97: 1 | AD97: 2 | AE97: 0 | AF97: 0 | AG97: 3.912023 | AH97: 0.3373494 | AI97: 0 | AJ97: 0 | AK97: 0 | AL97: 0 | AM97: 0.22222222 | AN97: 0.28571429 | AO97: 0.94339623 | AP97: 0.28571429 | AQ97: 0 | AR97: 0 | AS97: 0.42780466 | AT97: 0.3373494 | AU97: 0.94339623 | AV97: 0 | AW97: 0 | AX97: 0 | AY97: 0 | AZ97: 0.85560932 | BA97: 0.057142857 | BB97: 0 | BC97: 0 | BD97: 0.22222222 | BE97: 0.28571429 | BF97: 1.7990055 | BG97: 0.39449225 | BH97: 0.50793651 | BI97: 0.17960106 | BJ97: 0.3899396 | BK97: 0.25396825 | BL97: 0.27450297 | BM97: TRUE | BN97: 204521
A98: 178876 | B98: 57 | C98: Célio Silveira | D98: MDB | E98: M | F98: 1959-09-19 | G98: Superior | H98: 55 | I98: 478 | J98: 0.84 | K98: 0 | L98: 0 | M98: 0 | N98: 0 | O98: 11 | P98: 2.3978953 | Q98: 2 | R98: 0 | S98: 0 | T98: 1 | U98: 0 | V98: 0 | W98: 0 | X98: 0 | Y98: 0 | Z98: 3 | AA98: 2 | AB98: 60 | AC98: 0.94666667 | AD98: 2 | AE98: 0 | AF98: 0 | AG98: 4.1108739 | AH98: 0.3373494 | AI98: 0 | AJ98: 0 | AK98: 0 | AL98: 0 | AM98: 0.33333333 | AN98: 0.28571429 | AO98: 0.89308176 | AP98: 0.28571429 | AQ98: 0 | AR98: 0 | AS98: 0.44955027 | AT98: 0.3373494 | AU98: 0.89308176 | AV98: 0 | AW98: 0 | AX98: 0 | AY98: 0 | AZ98: 0.89910054 | BA98: 0.057142857 | BB98: 0 | BC98: 0 | BD98: 0.33333333 | BE98: 0.28571429 | BF98: 1.7921823 | BG98: 0.39449225 | BH98: 0.61904762 | BI98: 0.17891988 | BJ98: 0.3899396 | BK98: 0.30952381 | BL98: 0.29279443 | BM98: FALSE | BN98: 204521
A99: 204388 | B99: 56 | C99: Bibo Nunes | D99: PL | E99: M | F99: 1957-01-09 | G99: Superior Incompleto | H99: 62 | I99: 1460 | J99: 1 | K99: 0 | L99: 0 | M99: 0 | N99: 1 | O99: 54 | P99: 3.988984 | Q99: 0 | R99: 1 | S99: 0 | T99: 1 | U99: 1 | V99: 0 | W99: 0 | X99: 0 | Y99: 1 | Z99: 1 | AA99: 1 | AB99: 54 | AC99: 1 | AD99: 0 | AE99: 1 | AF99: 0 | AG99: 4.0073332 | AH99: 0.25301205 | AI99: 0 | AJ99: 0 | AK99: 0 | AL99: 0.2 | AM99: 0.11111111 | AN99: 0.14285714 | AO99: 0.94339623 | AP99: 0 | AQ99: 0.16666667 | AR99: 0 | AS99: 0.43822743 | AT99: 0.25301205 | AU99: 0.94339623 | AV99: 0 | AW99: 0 | AX99: 0 | AY99: 0.6 | AZ99: 0.87645487 | BA99: 0 | BB99: 0.016666667 | BC99: 0 | BD99: 0.11111111 | BE99: 0.14285714 | BF99: 2.4198511 | BG99: 0.26967871 | BH99: 0.25396825 | BI99: 0.24158226 | BJ99: 0.26656648 | BK99: 0.12698413 | BL99: 0.21171096 | BM99: TRUE | BN99: 204519
A100: 204388 | B100: 57 | C100: Bibo Nunes | D100: PL | E100: M | F100: 1957-01-09 | G100: Superior Incompleto | H100: 62 | I100: 603 | J100: 1.06 | K100: 0 | L100: 0 | M100: 0 | N100: 0 | O100: 35 | P100: 3.5553481 | Q100: 0 | R100: 1 | S100: 0 | T100: 1 | U100: 0 | V100: 0 | W100: 0 | X100: 0 | Y100: 1 | Z100: 2 | AA100: 1 | AB100: 89 | AC100: 1.03 | AD100: 0 | AE100: 1 | AF100: 0 | AG100: 4.4998097 | AH100: 0.25301205 | AI100: 0 | AJ100: 0 | AK100: 0 | AL100: 0.2 | AM100: 0.22222222 | AN100: 0.14285714 | AO100: 0.97169811 | AP100: 0 | AQ100: 0.16666667 | AR100: 0 | AS100: 0.49208288 | AT100: 0.25301205 | AU100: 0.97169811 | AV100: 0 | AW100: 0 | AX100: 0 | AY100: 0.6 | AZ100: 0.98416576 | BA100: 0 | BB100: 0.016666667 | BC100: 0 | BD100: 0.22222222 | BE100: 0.14285714 | BF100: 2.5558639 | BG100: 0.26967871 | BH100: 0.36507937 | BI100: 0.2551609 | BJ100: 0.26656648 | BK100: 0.18253968 | BL100: 0.23475569 | BM100: TRUE | BN100: 204519
A101: 141540 | B101: 53 | C101: DR. NECHAR | D101: PP** | E101: M | F101: 1951-06-26 | G101: Superior | H101: 55 | I101: 1460 | J101: 1 | K101: 0 | L101: 0 | M101: 0 | N101: 0 | O101: 58 | P101: 4.060443 | Q101: 0 | R101: 1 | S101: 0 | T101: 1 | U101: 1 | V101: 0 | W101: 0 | X101: 0 | Y101: 0 | Z101: 1 | AA101: 1 | AB101: 58 | AC101: 1 | AD101: 0 | AE101: 1 | AF101: 0 | AG101: 4.0775374 | AH101: 0.3373494 | AI101: 0 | AJ101: 0 | AK101: 0 | AL101: 0 | AM101: 0.11111111 | AN101: 0.14285714 | AO101: 0.94339623 | AP101: 0 | AQ101: 0.16666667 | AR101: 0 | AS101: 0.44590472 | AT101: 0.3373494 | AU101: 0.94339623 | AV101: 0 | AW101: 0 | AX101: 0 | AY101: 0 | AZ101: 0.89180944 | BA101: 0 | BB101: 0.016666667 | BC101: 0 | BD101: 0.11111111 | BE101: 0.14285714 | BF101: 1.8352057 | BG101: 0.35401606 | BH101: 0.25396825 | BI101: 0.18321505 | BJ101: 0.34993053 | BK101: 0.12698413 | BL101: 0.22004324 | BM101: TRUE | BN101: 204501
A102: 74259 | B102: 52 | C102: VIEIRA REIS | D102: S.PART. | E102: M | F102: 1959-07-06 | G102: Superior | H102: 43 | I102: 1460 | J102: 1 | K102: 0 | L102: 0 | M102: 0 | N102: 0 | O102: 23 | P102: 3.1354942 | Q102: 0 | R102: 0 | S102: 0 | T102: 1 | U102: 0 | V102: 0 | W102: 0 | X102: 0 | Y102: 0 | Z102: 1 | AA102: 0 | AB102: 23 | AC102: 1 | AD102: 0 | AE102: 0 | AF102: 0 | AG102: 3.1780538 | AH102: 0.48192771 | AI102: 0 | AJ102: 0 | AK102: 0 | AL102: 0 | AM102: 0.11111111 | AN102: 0 | AO102: 0.94339623 | AP102: 0 | AQ102: 0 | AR102: 0 | AS102: 0.34754045 | AT102: 0.48192771 | AU102: 0.94339623 | AV102: 0 | AW102: 0 | AX102: 0 | AY102: 0 | AZ102: 0.6950809 | BA102: 0 | BB102: 0 | BC102: 0 | BD102: 0.11111111 | BE102: 0 | BF102: 1.6384771 | BG102: 0.48192771 | BH102: 0.11111111 | BI102: 0.16357495 | BJ102: 0.47636601 | BK102: 0.055555556 | BL102: 0.23183217 | BM102: TRUE | BN102: 204485
A103: 220556 | B103: 57 | C103: Ana Paula Lima | D103: PT | E103: F | F103: 1964-04-19 | G103: Superior | H103: 58 | I103: 603 | J103: 1.06 | K103: 0 | L103: 0 | M103: 0 | N103: 0 | O103: 34 | P103: 3.5263605 | Q103: 1 | R103: 0 | S103: 0 | T103: 1 | U103: 0 | V103: 0 | W103: 0 | X103: 0 | Y103: 0 | Z103: 1 | AA103: 0 | AB103: 34 | AC103: 1.06 | AD103: 1 | AE103: 0 | AF103: 0 | AG103: 3.5553481 | AH103: 0.30120482 | AI103: 0 | AJ103: 0 | AK103: 0 | AL103: 0 | AM103: 0.11111111 | AN103: 0 | AO103: 1 | AP103: 0.14285714 | AQ103: 0 | AR103: 0 | AS103: 0.38879998 | AT103: 0.30120482 | AU103: 1 | AV103: 0 | AW103: 0 | AX103: 0 | AY103: 0 | AZ103: 0.77759996 | BA103: 0.028571429 | BB103: 0 | BC103: 0 | BD103: 0.11111111 | BE103: 0 | BF103: 1.7776 | BG103: 0.32977625 | BH103: 0.11111111 | BI103: 0.17746407 | BJ103: 0.32597045 | BK103: 0.055555556 | BL103: 0.18633003 | BM103: TRUE | BN103: 204480
A104: 204529 | B104: 56 | C104: Policial Katia Sastre | D104: PL | E104: F | F104: 1976-04-04 | G104: Pós-Graduação | H104: 42 | I104: 1460 | J104: 1 | K104: 0 | L104: 0 | M104: 0 | N104: 1 | O104: 6 | P104: 1.7917595 | Q104: 0 | R104: 0 | S104: 0 | T104: 1 | U104: 1 | V104: 0 | W104: 0 | X104: 0 | Y104: 1 | Z104: 1 | AA104: 1 | AB104: 6 | AC104: 1 | AD104: 0 | AE104: 0 | AF104: 0 | AG104: 1.9459101 | AH104: 0.4939759 | AI104: 0 | AJ104: 0 | AK104: 0 | AL104: 0.2 | AM104: 0.11111111 | AN104: 0.14285714 | AO104: 0.94339623 | AP104: 0 | AQ104: 0 | AR104: 0 | AS104: 0.21279768 | AT104: 0.4939759 | AU104: 0.94339623 | AV104: 0 | AW104: 0 | AX104: 0 | AY104: 0.6 | AZ104: 0.42559536 | BA104: 0 | BB104: 0 | BC104: 0 | BD104: 0.11111111 | BE104: 0.14285714 | BF104: 1.9689916 | BG104: 0.4939759 | BH104: 0.25396825 | BI104: 0.19657137 | BJ104: 0.48827516 | BK104: 0.12698413 | BL104: 0.27061022 | BM104: TRUE | BN104: 204477
A105: 220583 | B105: 57 | C105: Delegado Fabio Costa | D105: PP | E105: M | F105: 1980-10-15 | G105: Pós-Graduação | H105: 42 | I105: 603 | J105: 1.06 | K105: 0 | L105: 0 | M105: 0 | N105: 0 | O105: 11 | P105: 2.3978953 | Q105: 0 | R105: 1 | S105: 0 | T105: 1 | U105: 0 | V105: 0 | W105: 0 | X105: 0 | Y105: 0 | Z105: 1 | AA105: 0 | AB105: 11 | AC105: 1.06 | AD105: 0 | AE105: 1 | AF105: 0 | AG105: 2.4849066 | AH105: 0.4939759 | AI105: 0 | AJ105: 0 | AK105: 0 | AL105: 0 | AM105: 0.11111111 | AN105: 0 | AO105: 1 | AP105: 0 | AQ105: 0.16666667 | AR105: 0 | AS105: 0.27174039 | AT105: 0.4939759 | AU105: 1 | AV105: 0 | AW105: 0 | AX105: 0 | AY105: 0 | AZ105: 0.54348077 | BA105: 0 | BB105: 0.016666667 | BC105: 0 | BD105: 0.11111111 | BE105: 0 | BF105: 1.5434808 | BG105: 0.51064257 | BH105: 0.11111111 | BI105: 0.15409113 | BJ105: 0.50474948 | BK105: 0.055555556 | BL105: 0.23813205 | BM105: TRUE | BN105: 204476
... A319: 74434 | B319: 52 | C319: SALATIEL CARVALHO | D319: PFL | E319: M | F319: 1954-04-05 | G319: Superior | H319: 32 | I319: 413 | J319: 0.28 | K319: 0 | L319: 0 | M319: 0 | N319: 0 | O319: 1 | P319: 0 | Q319: 0 | R319: 0 | S319: 0 | T319: 1 | U319: 1 | V319: 0 | W319: 0 | X319: 0 | Y319: 0 | Z319: 5 | AA319: 3 | AB319: 26 | AC319: 0.856 | AD319: 0 | AE319: 0 | AF319: 0 | AG319: 3.2958369 | AH319: 0.61445783 | AI319: 0 | AJ319: 0 | AK319: 0 | AL319: 0 | AM319: 0.55555556 | AN319: 0.42857143 | AO319: 0.80754717 | AP319: 0 | AQ319: 0 | AR319: 0 | AS319: 0.36042078 | AT319: 0.61445783 | AU319: 0.80754717 | AV319: 0 | AW319: 0 | AX319: 0 | AY319: 0 | AZ319: 0.72084155 | BA319: 0 | BB319: 0 | BC319: 0 | BD319: 0.55555556 | BE319: 0.42857143 | BF319: 1.5283887 | BG319: 0.61445783 | BH319: 0.98412698 | BI319: 0.15258443 | BJ319: 0.60736666 | BK319: 0.49206349 | BL319: 0.41733819 | BM319: TRUE | BN319: 141526
A320: 220590 | B320: 57 | C320: Coronel Ulysses | D320: UNIÃO | E320: M | F320: 1972-10-19 | G320: 0 | H320: 50 | I320: 603 | J320: 1.06 | K320: 0 | L320: 0 | M320: 0 | N320: 0 | O320: 10 | P320: 2.3025851 | Q320: 0 | R320: 0 | S320: 0 | T320: 1 | U320: 0 | V320: 0 | W320: 0 | X320: 0 | Y320: 0 | Z320: 1 | AA320: 0 | AB320: 10 | AC320: 1.06 | AD320: 0 | AE320: 0 | AF320: 0 | AG320: 2.3978953 | AH320: 0.39759036 | AI320: 0 | AJ320: 0 | AK320: 0 | AL320: 0 | AM320: 0.11111111 | AN320: 0 | AO320: 1 | AP320: 0 | AQ320: 0 | AR320: 0 | AS320: 0.26222514 | AT320: 0.39759036 | AU320: 1 | AV320: 0 | AW320: 0 | AX320: 0 | AY320: 0 | AZ320: 0.52445027 | BA320: 0 | BB320: 0 | BC320: 0 | BD320: 0.11111111 | BE320: 0 | BF320: 1.5244503 | BG320: 0.39759036 | BH320: 0.11111111 | BI320: 0.15219124 | BJ320: 0.39300196 | BK320: 0.055555556 | BL320: 0.20024959 | BM320: TRUE | BN320: 141513
A321: 74144 | B321: 52 | C321: ZELINDA NOVAES | D321: PFL | E321: F | F321: 1944-12-25 | G321: Superior | H321: 58 | I321: 1460 | J321: 1 | K321: 0 | L321: 0 | M321: 0 | N321: 0 | O321: 27 | P321: 3.2958369 | Q321: 3 | R321: 0 | S321: 0 | T321: 1 | U321: 0 | V321: 0 | W321: 0 | X321: 0 | Y321: 0 | Z321: 1 | AA321: 0 | AB321: 27 | AC321: 1 | AD321: 3 | AE321: 0 | AF321: 0 | AG321: 3.3322045 | AH321: 0.30120482 | AI321: 0 | AJ321: 0 | AK321: 0 | AL321: 0 | AM321: 0.11111111 | AN321: 0 | AO321: 0.94339623 | AP321: 0.42857143 | AQ321: 0 | AR321: 0 | AS321: 0.36439781 | AT321: 0.30120482 | AU321: 0.94339623 | AV321: 0 | AW321: 0 | AX321: 0 | AY321: 0 | AZ321: 0.72879562 | BA321: 0.085714286 | BB321: 0 | BC321: 0 | BD321: 0.11111111 | BE321: 0 | BF321: 1.6721918 | BG321: 0.3869191 | BH321: 0.11111111 | BI321: 0.16694081 | BJ321: 0.38245385 | BK321: 0.055555556 | BL321: 0.20165007 | BM321: TRUE | BN321: 141511
A322: 178927 | B322: 55 | C322: Aliel Machado | D322: PV | E322: M | F322: 1989-02-26 | G322: Superior Incompleto | H322: 25 | I322: 1460 | J322: 1 | K322: 0 | L322: 0 | M322: 0 | N322: 0 | O322: 18 | P322: 2.8903718 | Q322: 0 | R322: 1 | S322: 0 | T322: 0 | U322: 1 | V322: 0 | W322: 0 | X322: 0 | Y322: 0 | Z322: 0 | AA322: 1 | AB322: 18 | AC322: 1 | AD322: 0 | AE322: 1 | AF322: 0 | AG322: 2.944439 | AH322: 0.69879518 | AI322: 0 | AJ322: 0 | AK322: 0 | AL322: 0 | AM322: 0 | AN322: 0.14285714 | AO322: 0.94339623 | AP322: 0 | AQ322: 0.16666667 | AR322: 0 | AS322: 0.32199318 | AT322: 0.69879518 | AU322: 0.94339623 | AV322: 0 | AW322: 0 | AX322: 0 | AY322: 0 | AZ322: 0.64398635 | BA322: 0 | BB322: 0.016666667 | BC322: 0 | BD322: 0 | BE322: 0.14285714 | BF322: 1.5873826 | BG322: 0.71546185 | BH322: 0.14285714 | BI322: 0.158474 | BJ322: 0.70720504 | BK322: 0.071428571 | BL322: 0.3123692 | BM322: TRUE | BN322: 141509
A323: 178927 | B323: 56 | C323: Aliel Machado | D323: PV | E323: M | F323: 1989-02-26 | G323: Superior Incompleto | H323: 25 | I323: 1460 | J323: 1 | K323: 0 | L323: 0 | M323: 0 | N323: 1 | O323: 32 | P323: 3.4657359 | Q323: 0 | R323: 1 | S323: 0 | T323: 1 | U323: 1 | V323: 0 | W323: 0 | X323: 0 | Y323: 1 | Z323: 1 | AA323: 2 | AB323: 50 | AC323: 1 | AD323: 0 | AE323: 1 | AF323: 0 | AG323: 3.9318256 | AH323: 0.69879518 | AI323: 0 | AJ323: 0 | AK323: 0 | AL323: 0.2 | AM323: 0.11111111 | AN323: 0.28571429 | AO323: 0.94339623 | AP323: 0 | AQ323: 0.16666667 | AR323: 0 | AS323: 0.4299702 | AT323: 0.69879518 | AU323: 0.94339623 | AV323: 0 | AW323: 0 | AX323: 0 | AY323: 0.6 | AZ323: 0.8599404 | BA323: 0 | BB323: 0.016666667 | BC323: 0 | BD323: 0.11111111 | BE323: 0.28571429 | BF323: 2.4033366 | BG323: 0.71546185 | BH323: 0.3968254 | BI323: 0.23993357 | BJ323: 0.70720504 | BK323: 0.1984127 | BL323: 0.38185043 | BM323: FALSE | BN323: 141509
A324: 178927 | B324: 57 | C324: Aliel Machado | D324: PV | E324: M | F324: 1989-02-26 | G324: Superior Incompleto | H324: 25 | I324: 603 | J324: 1.06 | K324: 0 | L324: 0 | M324: 0 | N324: 2 | O324: 2 | P324: 0.69314718 | Q324: 0 | R324: 1 | S324: 0 | T324: 1 | U324: 0 | V324: 0 | W324: 0 | X324: 0 | Y324: 3 | Z324: 2 | AA324: 2 | AB324: 52 | AC324: 1.02 | AD324: 0 | AE324: 1 | AF324: 0 | AG324: 3.9702919 | AH324: 0.69879518 | AI324: 0 | AJ324: 0 | AK324: 0 | AL324: 0.6 | AM324: 0.22222222 | AN324: 0.28571429 | AO324: 0.96226415 | AP324: 0 | AQ324: 0.16666667 | AR324: 0 | AS324: 0.43417674 | AT324: 0.69879518 | AU324: 0.96226415 | AV324: 0 | AW324: 0 | AX324: 0 | AY324: 1.8 | AZ324: 0.86835347 | BA324: 0 | BB324: 0.016666667 | BC324: 0 | BD324: 0.22222222 | BE324: 0.28571429 | BF324: 3.6306176 | BG324: 0.71546185 | BH324: 0.50793651 | BI324: 0.36245735 | BJ324: 0.70720504 | BK324: 0.25396825 | BL324: 0.44121021 | BM324: FALSE | BN324: 141509
A325: 178969 | B325: 55 | C325: Fábio Mitidieri | D325: PSD | E325: M | F325: 1977-02-24 | G325: Superior | H325: 37 | I325: 1460 | J325: 1 | K325: 0 | L325: 0 | M325: 0 | N325: 1 | O325: 69 | P325: 4.2341065 | Q325: 0 | R325: 1 | S325: 0 | T325: 1 | U325: 1 | V325: 0 | W325: 0 | X325: 0 | Y325: 1 | Z325: 1 | AA325: 1 | AB325: 69 | AC325: 1 | AD325: 0 | AE325: 1 | AF325: 0 | AG325: 4.2484952 | AH325: 0.55421687 | AI325: 0 | AJ325: 0 | AK325: 0 | AL325: 0.2 | AM325: 0.11111111 | AN325: 0.14285714 | AO325: 0.94339623 | AP325: 0 | AQ325: 0.16666667 | AR325: 0 | AS325: 0.46460004 | AT325: 0.55421687 | AU325: 0.94339623 | AV325: 0 | AW325: 0 | AX325: 0 | AY325: 0.6 | AZ325: 0.92920009 | BA325: 0 | BB325: 0.016666667 | BC325: 0 | BD325: 0.11111111 | BE325: 0.14285714 | BF325: 2.4725963 | BG325: 0.57088353 | BH325: 0.25396825 | BI325: 0.246848 | BJ325: 0.56429523 | BK325: 0.12698413 | BL325: 0.31270912 | BM325: TRUE | BN325: 141504
A326: 178969 | B326: 56 | C326: Fábio Mitidieri | D326: PSD | E326: M | F326: 1977-02-24 | G326: Superior | H326: 37 | I326: 1308 | J326: 0.9 | K326: 0 | L326: 0 | M326: 0 | N326: 1 | O326: 23 | P326: 3.1354942 | Q326: 0 | R326: 1 | S326: 0 | T326: 1 | U326: 0 | V326: 0 | W326: 0 | X326: 0 | Y326: 2 | Z326: 2 | AA326: 1 | AB326: 92 | AC326: 0.95 | AD326: 0 | AE326: 1 | AF326: 0 | AG326: 4.5325995 | AH326: 0.55421687 | AI326: 0 | AJ326: 0 | AK326: 0 | AL326: 0.4 | AM326: 0.22222222 | AN326: 0.14285714 | AO326: 0.89622642 | AP326: 0 | AQ326: 0.16666667 | AR326: 0 | AS326: 0.49566865 | AT326: 0.55421687 | AU326: 0.89622642 | AV326: 0 | AW326: 0 | AX326: 0 | AY326: 1.2 | AZ326: 0.99133731 | BA326: 0 | BB326: 0.016666667 | BC326: 0 | BD326: 0.22222222 | BE326: 0.14285714 | BF326: 3.0875637 | BG326: 0.57088353 | BH326: 0.36507937 | BI326: 0.30824237 | BJ326: 0.56429523 | BK326: 0.18253968 | BL326: 0.35169243 | BM326: FALSE | BN326: 141504
A327: 141433 | B327: 53 | C327: FILIPE PEREIRA | D327: PSC | E327: M | F327: 1983-11-16 | G327: Superior | H327: 23 | I327: 1460 | J327: 1 | K327: 0 | L327: 0 | M327: 0 | N327: 0 | O327: 34 | P327: 3.5263605 | Q327: 0 | R327: 0 | S327: 0 | T327: 0 | U327: 1 | V327: 0 | W327: 0 | X327: 0 | Y327: 0 | Z327: 0 | AA327: 1 | AB327: 34 | AC327: 1 | AD327: 0 | AE327: 0 | AF327: 0 | AG327: 3.5553481 | AH327: 0.72289157 | AI327: 0 | AJ327: 0 | AK327: 0 | AL327: 0 | AM327: 0 | AN327: 0.14285714 | AO327: 0.94339623 | AP327: 0 | AQ327: 0 | AR327: 0 | AS327: 0.38879998 | AT327: 0.72289157 | AU327: 0.94339623 | AV327: 0 | AW327: 0 | AX327: 0 | AY327: 0 | AZ327: 0.77759996 | BA327: 0 | BB327: 0 | BC327: 0 | BD327: 0 | BE327: 0.14285714 | BF327: 1.7209962 | BG327: 0.72289157 | BH327: 0.14285714 | BI327: 0.17181311 | BJ327: 0.71454901 | BK327: 0.071428571 | BL327: 0.31926357 | BM327: TRUE | BN327: 141488
A328: 141433 | B328: 54 | C328: FILIPE PEREIRA | D328: PSC | E328: M | F328: 1983-11-16 | G328: Superior | H328: 23 | I328: 1032 | J328: 0.71 | K328: 0 | L328: 0 | M328: 0 | N328: 4 | O328: 1 | P328: 0 | Q328: 0 | R328: 0 | S328: 0 | T328: 1 | U328: 1 | V328: 0 | W328: 0 | X328: 0 | Y328: 4 | Z328: 1 | AA328: 2 | AB328: 35 | AC328: 0.855 | AD328: 0 | AE328: 0 | AF328: 0 | AG328: 3.5835189 | AH328: 0.72289157 | AI328: 0 | AJ328: 0 | AK328: 0 | AL328: 0.8 | AM328: 0.11111111 | AN328: 0.28571429 | AO328: 0.80660377 | AP328: 0 | AQ328: 0 | AR328: 0 | AS328: 0.39188064 | AT328: 0.72289157 | AU328: 0.80660377 | AV328: 0 | AW328: 0 | AX328: 0 | AY328: 2.4 | AZ328: 0.78376129 | BA328: 0 | BB328: 0 | BC328: 0 | BD328: 0.11111111 | BE328: 0.28571429 | BF328: 3.9903651 | BG328: 0.72289157 | BH328: 0.3968254 | BI328: 0.39837221 | BJ328: 0.71454901 | BK328: 0.1984127 | BL328: 0.43711131 | BM328: TRUE | BN328: 141488
A329: 99654 | B329: 54 | C329: ERIVELTON SANTANA | D329: PATRI | E329: M | F329: 1965-01-29 | G329: Superior Incompleto | H329: 46 | I329: 1460 | J329: 1 | K329: 0 | L329: 0 | M329: 0 | N329: 0 | O329: 16 | P329: 2.7725887 | Q329: 0 | R329: 2 | S329: 0 | T329: 1 | U329: 1 | V329: 0 | W329: 0 | X329: 0 | Y329: 0 | Z329: 1 | AA329: 1 | AB329: 16 | AC329: 1 | AD329: 0 | AE329: 2 | AF329: 0 | AG329: 2.8332133 | AH329: 0.44578313 | AI329: 0 | AJ329: 0 | AK329: 0 | AL329: 0 | AM329: 0.11111111 | AN329: 0.14285714 | AO329: 0.94339623 | AP329: 0 | AQ329: 0.33333333 | AR329: 0 | AS329: 0.30982994 | AT329: 0.44578313 | AU329: 0.94339623 | AV329: 0 | AW329: 0 | AX329: 0 | AY329: 0 | AZ329: 0.61965989 | BA329: 0 | BB329: 0.033333333 | BC329: 0 | BD329: 0.11111111 | BE329: 0.14285714 | BF329: 1.5630561 | BG329: 0.47911647 | BH329: 0.25396825 | BI329: 0.1560454 | BJ329: 0.47358721 | BK329: 0.12698413 | BL329: 0.25220558 | BM329: TRUE | BN329: 141487
A330: 99654 | B330: 55 | C330: ERIVELTON SANTANA | D330: PATRI | E330: M | F330: 1965-01-29 | G330: Superior Incompleto | H330: 46 | I330: 1460 | J330: 1 | K330: 0 | L330: 0 | M330: 0 | N330: 0 | O330: 10 | P330: 2.3025851 | Q330: 0 | R330: 2 | S330: 0 | T330: 1 | U330: 1 | V330: 0 | W330: 0 | X330: 0 | Y330: 0 | Z330: 2 | AA330: 2 | AB330: 26 | AC330: 1 | AD330: 0 | AE330: 2 | AF330: 0 | AG330: 3.2958369 | AH330: 0.44578313 | AI330: 0 | AJ330: 0 | AK330: 0 | AL330: 0 | AM330: 0.22222222 | AN330: 0.28571429 | AO330: 0.94339623 | AP330: 0 | AQ330: 0.33333333 | AR330: 0 | AS330: 0.36042078 | AT330: 0.44578313 | AU330: 0.94339623 | AV330: 0 | AW330: 0 | AX330: 0 | AY330: 0 | AZ330: 0.72084155 | BA330: 0 | BB330: 0.033333333 | BC330: 0 | BD330: 0.22222222 | BE330: 0.28571429 | BF330: 1.6642378 | BG330: 0.47911647 | BH330: 0.50793651 | BI330: 0.16614672 | BJ330: 0.47358721 | BK330: 0.25396825 | BL330: 0.29790073 | BM330: TRUE | BN330: 141487
A331: 220595 | B331: 57 | C331: Coronel Fernanda | D331: PL | E331: F | F331: 1974-11-13 | G331: Superior | H331: 48 | I331: 603 | J331: 1.06 | K331: 0 | L331: 0 | M331: 0 | N331: 0 | O331: 29 | P331: 3.3672958 | Q331: 0 | R331: 0 | S331: 0 | T331: 1 | U331: 0 | V331: 0 | W331: 0 | X331: 0 | Y331: 0 | Z331: 1 | AA331: 0 | AB331: 29 | AC331: 1.06 | AD331: 0 | AE331: 0 | AF331: 0 | AG331: 3.4011974 | AH331: 0.42168675 | AI331: 0 | AJ331: 0 | AK331: 0 | AL331: 0 | AM331: 0.11111111 | AN331: 0 | AO331: 1 | AP331: 0 | AQ331: 0 | AR331: 0 | AS331: 0.37194262 | AT331: 0.42168675 | AU331: 1 | AV331: 0 | AW331: 0 | AX331: 0 | AY331: 0 | AZ331: 0.74388524 | BA331: 0 | BB331: 0 | BC331: 0 | BD331: 0.11111111 | BE331: 0 | BF331: 1.7438852 | BG331: 0.42168675 | BH331: 0.11111111 | BI331: 0.17409821 | BJ331: 0.41682026 | BK331: 0.055555556 | BL331: 0.21549134 | BM331: TRUE | BN331: 141486
A332: 74765 | B332: 50 | C332: SILAS BRASILEIRO | D332: MDB | E332: M | F332: 1943-10-22 | G332: Superior | H332: 51 | I332: 1460 | J332: 1 | K332: 0 | L332: 0 | M332: 0 | N332: 0 | O332: 1 | P332: 0 | Q332: 0 | R332: 0 | S332: 0 | T332: 1 | U332: 1 | V332: 0 | W332: 0 | X332: 0 | Y332: 0 | Z332: 1 | AA332: 1 | AB332: 1 | AC332: 1 | AD332: 0 | AE332: 0 | AF332: 0 | AG332: 0.69314718 | AH332: 0.38554217 | AI332: 0 | AJ332: 0 | AK332: 0 | AL332: 0 | AM332: 0.11111111 | AN332: 0.14285714 | AO332: 0.94339623 | AP332: 0 | AQ332: 0 | AR332: 0 | AS332: 0.075800064 | AT332: 0.38554217 | AU332: 0.94339623 | AV332: 0 | AW332: 0 | AX332: 0 | AY332: 0 | AZ332: 0.15160013 | BA332: 0 | BB332: 0 | BC332: 0 | BD332: 0.11111111 | BE332: 0.14285714 | BF332: 1.0949964 | BG332: 0.38554217 | BH332: 0.25396825 | BI332: 0.10931735 | BJ332: 0.38109281 | BK332: 0.12698413 | BL332: 0.20579809 | BM332: TRUE | BN332: 141485
... A477: 74175 | B477: 52 | C477: JOSÉ DIVINO | D477: S.PART. | E477: M | F477: 1964-06-02 | G477: Superior Incompleto | H477: 38 | I477: 1460 | J477: 1 | K477: 0 | L477: 0 | M477: 0 | N477: 0 | O477: 80 | P477: 4.3820266 | Q477: 1 | R477: 0 | S477: 0 | T477: 1 | U477: 0 | V477: 0 | W477: 0 | X477: 0 | Y477: 0 | Z477: 1 | AA477: 0 | AB477: 80 | AC477: 1 | AD477: 1 | AE477: 0 | AF477: 0 | AG477: 4.3944492 | AH477: 0.54216867 | AI477: 0 | AJ477: 0 | AK477: 0 | AL477: 0 | AM477: 0.11111111 | AN477: 0 | AO477: 0.94339623 | AP477: 0.14285714 | AQ477: 0 | AR477: 0 | AS477: 0.48056103 | AT477: 0.54216867 | AU477: 0.94339623 | AV477: 0 | AW477: 0 | AX477: 0 | AY477: 0 | AZ477: 0.96112207 | BA477: 0.028571429 | BB477: 0 | BC477: 0 | BD477: 0.11111111 | BE477: 0 | BF477: 1.9045183 | BG477: 0.5707401 | BH477: 0.11111111 | BI477: 0.19013477 | BJ477: 0.56415346 | BK477: 0.055555556 | BL477: 0.26994793 | BM477: TRUE | BN477: 113247
A478: 220625 | B478: 57 | C478: Delegada Ione | D478: AVANTE | E478: F | F478: 1974-03-20 | G478: 0 | H478: 48 | I478: 603 | J478: 1.06 | K478: 0 | L478: 0 | M478: 0 | N478: 0 | O478: 19 | P478: 2.944439 | Q478: 0 | R478: 0 | S478: 0 | T478: 1 | U478: 0 | V478: 0 | W478: 0 | X478: 0 | Y478: 0 | Z478: 1 | AA478: 0 | AB478: 19 | AC478: 1.06 | AD478: 0 | AE478: 0 | AF478: 0 | AG478: 2.9957323 | AH478: 0.42168675 | AI478: 0 | AJ478: 0 | AK478: 0 | AL478: 0 | AM478: 0.11111111 | AN478: 0 | AO478: 1 | AP478: 0 | AQ478: 0 | AR478: 0 | AS478: 0.32760242 | AT478: 0.42168675 | AU478: 1 | AV478: 0 | AW478: 0 | AX478: 0 | AY478: 0 | AZ478: 0.65520485 | BA478: 0 | BB478: 0 | BC478: 0 | BD478: 0.11111111 | BE478: 0 | BF478: 1.6552048 | BG478: 0.42168675 | BH478: 0.11111111 | BI478: 0.16524493 | BJ478: 0.41682026 | BK478: 0.055555556 | BL478: 0.21254025 | BM478: TRUE | BN478: 109372
A479: 160578 | B479: 54 | C479: EDMAR ARRUDA | D479: PSD | E479: M | F479: 1959-09-26 | G479: Pós-Graduação | H479: 51 | I479: 1338 | J479: 0.92 | K479: 0 | L479: 0 | M479: 0 | N479: 0 | O479: 23 | P479: 3.1354942 | Q479: 0 | R479: 1 | S479: 0 | T479: 1 | U479: 1 | V479: 0 | W479: 0 | X479: 0 | Y479: 0 | Z479: 1 | AA479: 1 | AB479: 23 | AC479: 0.92 | AD479: 0 | AE479: 1 | AF479: 0 | AG479: 3.1780538 | AH479: 0.38554217 | AI479: 0 | AJ479: 0 | AK479: 0 | AL479: 0 | AM479: 0.11111111 | AN479: 0.14285714 | AO479: 0.86792453 | AP479: 0 | AQ479: 0.16666667 | AR479: 0 | AS479: 0.34754045 | AT479: 0.38554217 | AU479: 0.86792453 | AV479: 0 | AW479: 0 | AX479: 0 | AY479: 0 | AZ479: 0.6950809 | BA479: 0 | BB479: 0.016666667 | BC479: 0 | BD479: 0.11111111 | BE479: 0.14285714 | BF479: 1.5630054 | BG479: 0.40220884 | BH479: 0.25396825 | BI479: 0.15604034 | BJ479: 0.39756713 | BK479: 0.12698413 | BL479: 0.22686387 | BM479: TRUE | BN479: 105534
A480: 160578 | B480: 55 | C480: EDMAR ARRUDA | D480: PSD | E480: M | F480: 1959-09-26 | G480: Pós-Graduação | H480: 51 | I480: 1339 | J480: 0.92 | K480: 0 | L480: 0 | M480: 0 | N480: 0 | O480: 29 | P480: 3.3672958 | Q480: 0 | R480: 1 | S480: 0 | T480: 1 | U480: 1 | V480: 0 | W480: 0 | X480: 0 | Y480: 0 | Z480: 2 | AA480: 2 | AB480: 52 | AC480: 0.92 | AD480: 0 | AE480: 1 | AF480: 0 | AG480: 3.9702919 | AH480: 0.38554217 | AI480: 0 | AJ480: 0 | AK480: 0 | AL480: 0 | AM480: 0.22222222 | AN480: 0.28571429 | AO480: 0.86792453 | AP480: 0 | AQ480: 0.16666667 | AR480: 0 | AS480: 0.43417674 | AT480: 0.38554217 | AU480: 0.86792453 | AV480: 0 | AW480: 0 | AX480: 0 | AY480: 0 | AZ480: 0.86835347 | BA480: 0 | BB480: 0.016666667 | BC480: 0 | BD480: 0.22222222 | BE480: 0.28571429 | BF480: 1.736278 | BG480: 0.40220884 | BH480: 0.50793651 | BI480: 0.17333875 | BJ480: 0.39756713 | BK480: 0.25396825 | BL480: 0.27495805 | BM480: TRUE | BN480: 105534
A481: 160609 | B481: 54 | C481: WALTER TOSTA | D481: PSD | E481: M | F481: 1958-10-20 | G481: Ensino Técnico | H481: 52 | I481: 1460 | J481: 1 | K481: 0 | L481: 0 | M481: 0 | N481: 0 | O481: 10 | P481: 2.3025851 | Q481: 1 | R481: 3 | S481: 0 | T481: 1 | U481: 1 | V481: 0 | W481: 0 | X481: 0 | Y481: 0 | Z481: 1 | AA481: 1 | AB481: 10 | AC481: 1 | AD481: 1 | AE481: 3 | AF481: 0 | AG481: 2.3978953 | AH481: 0.37349398 | AI481: 0 | AJ481: 0 | AK481: 0 | AL481: 0 | AM481: 0.11111111 | AN481: 0.14285714 | AO481: 0.94339623 | AP481: 0.14285714 | AQ481: 0.5 | AR481: 0 | AS481: 0.26222514 | AT481: 0.37349398 | AU481: 0.94339623 | AV481: 0 | AW481: 0 | AX481: 0 | AY481: 0 | AZ481: 0.52445027 | BA481: 0.028571429 | BB481: 0.05 | BC481: 0 | BD481: 0.11111111 | BE481: 0.14285714 | BF481: 1.4678465 | BG481: 0.4520654 | BH481: 0.25396825 | BI481: 0.14654029 | BJ481: 0.44684833 | BK481: 0.12698413 | BL481: 0.24012425 | BM481: TRUE | BN481: 105112
A482: 139191 | B482: 48 | C482: ENOC VIEIRA | D482: PFL | E482: M | F482: 1938-01-07 | G482: Superior | H482: 49 | I482: 1460 | J482: 1 | K482: 0 | L482: 0 | M482: 0 | N482: 0 | O482: 0 | P482: 0 | Q482: 2 | R482: 1 | S482: 0 | T482: 1 | U482: 0 | V482: 0 | W482: 0 | X482: 0 | Y482: 0 | Z482: 1 | AA482: 0 | AB482: 0 | AC482: 1 | AD482: 2 | AE482: 1 | AF482: 0 | AG482: 0 | AH482: 0.40963855 | AI482: 0 | AJ482: 0 | AK482: 0 | AL482: 0 | AM482: 0.11111111 | AN482: 0 | AO482: 0.94339623 | AP482: 0.28571429 | AQ482: 0.16666667 | AR482: 0 | AS482: 0 | AT482: 0.40963855 | AU482: 0.94339623 | AV482: 0 | AW482: 0 | AX482: 0 | AY482: 0 | AZ482: 0 | BA482: 0.057142857 | BB482: 0.016666667 | BC482: 0 | BD482: 0.11111111 | BE482: 0 | BF482: 0.94339623 | BG482: 0.48344808 | BH482: 0.11111111 | BI482: 0.09418257 | BJ482: 0.47786883 | BK482: 0.055555556 | BL482: 0.20920232 | BM482: TRUE | BN482: 97707
A483: 204495 | B483: 56 | C483: Airton Faleiro | D483: PT | E483: M | F483: 1959-03-16 | G483: Ensino Fundamental | H483: 59 | I483: 1460 | J483: 1 | K483: 0 | L483: 0 | M483: 0 | N483: 0 | O483: 16 | P483: 2.7725887 | Q483: 4 | R483: 0 | S483: 0 | T483: 1 | U483: 1 | V483: 0 | W483: 0 | X483: 0 | Y483: 0 | Z483: 1 | AA483: 1 | AB483: 16 | AC483: 1 | AD483: 4 | AE483: 0 | AF483: 0 | AG483: 2.8332133 | AH483: 0.28915663 | AI483: 0 | AJ483: 0 | AK483: 0 | AL483: 0 | AM483: 0.11111111 | AN483: 0.14285714 | AO483: 0.94339623 | AP483: 0.57142857 | AQ483: 0 | AR483: 0 | AS483: 0.30982994 | AT483: 0.28915663 | AU483: 0.94339623 | AV483: 0 | AW483: 0 | AX483: 0 | AY483: 0 | AZ483: 0.61965989 | BA483: 0.11428571 | BB483: 0 | BC483: 0 | BD483: 0.11111111 | BE483: 0.14285714 | BF483: 1.5630561 | BG483: 0.40344234 | BH483: 0.25396825 | BI483: 0.1560454 | BJ483: 0.3987864 | BK483: 0.12698413 | BL483: 0.22727198 | BM483: TRUE | BN483: 92102
A484: 204495 | B484: 57 | C484: Airton Faleiro | D484: PT | E484: M | F484: 1959-03-16 | G484: Ensino Fundamental | H484: 59 | I484: 603 | J484: 1.06 | K484: 0 | L484: 0 | M484: 0 | N484: 0 | O484: 9 | P484: 2.1972246 | Q484: 4 | R484: 0 | S484: 0 | T484: 1 | U484: 0 | V484: 0 | W484: 0 | X484: 0 | Y484: 0 | Z484: 2 | AA484: 1 | AB484: 25 | AC484: 1.03 | AD484: 4 | AE484: 0 | AF484: 0 | AG484: 3.2580965 | AH484: 0.28915663 | AI484: 0 | AJ484: 0 | AK484: 0 | AL484: 0 | AM484: 0.22222222 | AN484: 0.14285714 | AO484: 0.97169811 | AP484: 0.57142857 | AQ484: 0 | AR484: 0 | AS484: 0.35629363 | AT484: 0.28915663 | AU484: 0.97169811 | AV484: 0 | AW484: 0 | AX484: 0 | AY484: 0 | AZ484: 0.71258726 | BA484: 0.11428571 | BB484: 0 | BC484: 0 | BD484: 0.22222222 | BE484: 0.14285714 | BF484: 1.6842854 | BG484: 0.40344234 | BH484: 0.36507937 | BI484: 0.16814815 | BJ484: 0.3987864 | BK484: 0.18253968 | BL484: 0.24982474 | BM484: FALSE | BN484: 92102
A485: 220546 | B485: 57 | C485: Rodolfo Nogueira | D485: PL | E485: M | F485: 1973-11-24 | G485: Superior | H485: 49 | I485: 603 | J485: 1.06 | K485: 0 | L485: 0 | M485: 0 | N485: 0 | O485: 17 | P485: 2.8332133 | Q485: 0 | R485: 0 | S485: 0 | T485: 1 | U485: 0 | V485: 0 | W485: 0 | X485: 0 | Y485: 0 | Z485: 1 | AA485: 0 | AB485: 17 | AC485: 1.06 | AD485: 0 | AE485: 0 | AF485: 0 | AG485: 2.8903718 | AH485: 0.40963855 | AI485: 0 | AJ485: 0 | AK485: 0 | AL485: 0 | AM485: 0.11111111 | AN485: 0 | AO485: 1 | AP485: 0 | AQ485: 0 | AR485: 0 | AS485: 0.31608058 | AT485: 0.40963855 | AU485: 1 | AV485: 0 | AW485: 0 | AX485: 0 | AY485: 0 | AZ485: 0.63216116 | BA485: 0 | BB485: 0 | BC485: 0 | BD485: 0.11111111 | BE485: 0 | BF485: 1.6321612 | BG485: 0.40963855 | BH485: 0.11111111 | BI485: 0.1629444 | BJ485: 0.40491111 | BK485: 0.055555556 | BL485: 0.20780369 | BM485: TRUE | BN485: 89282
A486: 73921 | B486: 52 | C486: PASTOR FRANKEMBERGEN | D486: PTB | E486: M | F486: 1962-04-30 | G486: Superior | H486: 40 | I486: 1460 | J486: 1 | K486: 0 | L486: 0 | M486: 0 | N486: 0 | O486: 16 | P486: 2.7725887 | Q486: 0 | R486: 0 | S486: 0 | T486: 1 | U486: 1 | V486: 0 | W486: 0 | X486: 0 | Y486: 0 | Z486: 1 | AA486: 1 | AB486: 16 | AC486: 1 | AD486: 0 | AE486: 0 | AF486: 0 | AG486: 2.8332133 | AH486: 0.51807229 | AI486: 0 | AJ486: 0 | AK486: 0 | AL486: 0 | AM486: 0.11111111 | AN486: 0.14285714 | AO486: 0.94339623 | AP486: 0 | AQ486: 0 | AR486: 0 | AS486: 0.30982994 | AT486: 0.51807229 | AU486: 0.94339623 | AV486: 0 | AW486: 0 | AX486: 0 | AY486: 0 | AZ486: 0.61965989 | BA486: 0 | BB486: 0 | BC486: 0 | BD486: 0.11111111 | BE486: 0.14285714 | BF486: 1.5630561 | BG486: 0.51807229 | BH486: 0.25396825 | BI486: 0.1560454 | BJ486: 0.51209346 | BK486: 0.12698413 | BL486: 0.265041 | BM486: TRUE | BN486: 88256
A487: 73921 | B487: 53 | C487: PASTOR FRANKEMBERGEN | D487: PTB | E487: M | F487: 1962-04-30 | G487: Superior | H487: 40 | I487: 28 | J487: 0.02 | K487: 0 | L487: 0 | M487: 0 | N487: 0 | O487: 0 | P487: 0 | Q487: 0 | R487: 0 | S487: 0 | T487: 1 | U487: 1 | V487: 0 | W487: 0 | X487: 0 | Y487: 0 | Z487: 2 | AA487: 2 | AB487: 16 | AC487: 0.51 | AD487: 0 | AE487: 0 | AF487: 0 | AG487: 2.8332133 | AH487: 0.51807229 | AI487: 0 | AJ487: 0 | AK487: 0 | AL487: 0 | AM487: 0.22222222 | AN487: 0.28571429 | AO487: 0.48113208 | AP487: 0 | AQ487: 0 | AR487: 0 | AS487: 0.30982994 | AT487: 0.51807229 | AU487: 0.48113208 | AV487: 0 | AW487: 0 | AX487: 0 | AY487: 0 | AZ487: 0.61965989 | BA487: 0 | BB487: 0 | BC487: 0 | BD487: 0.22222222 | BE487: 0.28571429 | BF487: 1.100792 | BG487: 0.51807229 | BH487: 0.50793651 | BI487: 0.10989594 | BJ487: 0.51209346 | BK487: 0.25396825 | BL487: 0.29198588 | BM487: FALSE | BN487: 88256
A488: 220644 | B488: 57 | C488: Rosangela Moro | D488: UNIÃO | E488: F | F488: 1974-05-28 | G488: Pós-Graduação | H488: 48 | I488: 603 | J488: 1.06 | K488: 0 | L488: 0 | M488: 0 | N488: 0 | O488: 49 | P488: 3.8918203 | Q488: 0 | R488: 0 | S488: 0 | T488: 1 | U488: 0 | V488: 0 | W488: 0 | X488: 0 | Y488: 0 | Z488: 1 | AA488: 0 | AB488: 49 | AC488: 1.06 | AD488: 0 | AE488: 0 | AF488: 0 | AG488: 3.912023 | AH488: 0.42168675 | AI488: 0 | AJ488: 0 | AK488: 0 | AL488: 0 | AM488: 0.11111111 | AN488: 0 | AO488: 1 | AP488: 0 | AQ488: 0 | AR488: 0 | AS488: 0.42780466 | AT488: 0.42168675 | AU488: 1 | AV488: 0 | AW488: 0 | AX488: 0 | AY488: 0 | AZ488: 0.85560932 | BA488: 0 | BB488: 0 | BC488: 0 | BD488: 0.11111111 | BE488: 0 | BF488: 1.8556093 | BG488: 0.42168675 | BH488: 0.11111111 | BI488: 0.18525202 | BJ488: 0.41682026 | BK488: 0.055555556 | BL488: 0.21920928 | BM488: TRUE | BN488: 74839
A489: 204463 | B489: 56 | C489: Wladimir Garotinho | D489: PSD | E489: M | F489: 1985-01-13 | G489: Superior | H489: 34 | I489: 700 | J489: 0.48 | K489: 0 | L489: 0 | M489: 0 | N489: 0 | O489: 5 | P489: 1.6094379 | Q489: 0 | R489: 0 | S489: 0 | T489: 0 | U489: 0 | V489: 0 | W489: 0 | X489: 0 | Y489: 0 | Z489: 0 | AA489: 0 | AB489: 5 | AC489: 0.48 | AD489: 0 | AE489: 0 | AF489: 0 | AG489: 1.7917595 | AH489: 0.59036145 | AI489: 0 | AJ489: 0 | AK489: 0 | AL489: 0 | AM489: 0 | AN489: 0 | AO489: 0.45283019 | AP489: 0 | AQ489: 0 | AR489: 0 | AS489: 0.19594032 | AT489: 0.59036145 | AU489: 0.45283019 | AV489: 0 | AW489: 0 | AX489: 0 | AY489: 0 | AZ489: 0.39188064 | BA489: 0 | BB489: 0 | BC489: 0 | BD489: 0 | BE489: 0 | BF489: 0.84471083 | BG489: 0.59036145 | BH489: 0 | BI489: 0.08433046 | BJ489: 0.58354836 | BK489: 0 | BL489: 0.22262627 | BM489: TRUE | BN489: 74838
A490: 178833 | B490: 55 | C490: Alexandre Serfiotis | D490: PSD | E490: M | F490: 1975-11-29 | G490: Pós-Graduação | H490: 39 | I490: 1447 | J490: 0.99 | K490: 0 | L490: 0 | M490: 0 | N490: 0 | O490: 8 | P490: 2.0794415 | Q490: 0 | R490: 0 | S490: 0 | T490: 1 | U490: 1 | V490: 0 | W490: 0 | X490: 0 | Y490: 0 | Z490: 1 | AA490: 1 | AB490: 8 | AC490: 0.99 | AD490: 0 | AE490: 0 | AF490: 0 | AG490: 2.1972246 | AH490: 0.53012048 | AI490: 0 | AJ490: 0 | AK490: 0 | AL490: 0 | AM490: 0.11111111 | AN490: 0.14285714 | AO490: 0.93396226 | AP490: 0 | AQ490: 0 | AR490: 0 | AS490: 0.24028052 | AT490: 0.53012048 | AU490: 0.93396226 | AV490: 0 | AW490: 0 | AX490: 0 | AY490: 0 | AZ490: 0.48056103 | BA490: 0 | BB490: 0 | BC490: 0 | BD490: 0.11111111 | BE490: 0.14285714 | BF490: 1.4145233 | BG490: 0.53012048 | BH490: 0.25396825 | BI490: 0.14121685 | BJ490: 0.52400261 | BK490: 0.12698413 | BL490: 0.26406786 | BM490: TRUE | BN490: 74831
... A567: 220563 | B567: 57 | C567: Icaro de Valmir | D567: PL | E567: M | F567: 2001-04-10 | G567: Ensino Médio | H567: 21 | I567: 520 | J567: 0.91 | K567: 0 | L567: 0 | M567: 0 | N567: 1 | O567: 21 | P567: 3.0445224 | Q567: 0 | R567: 0 | S567: 0 | T567: 1 | U567: 0 | V567: 0 | W567: 0 | X567: 0 | Y567: 1 | Z567: 1 | AA567: 0 | AB567: 21 | AC567: 0.91 | AD567: 0 | AE567: 0 | AF567: 0 | AG567: 3.0910425 | AH567: 0.74698795 | AI567: 0 | AJ567: 0 | AK567: 0 | AL567: 0.2 | AM567: 0.11111111 | AN567: 0 | AO567: 0.85849057 | AP567: 0 | AQ567: 0 | AR567: 0 | AS567: 0.3380252 | AT567: 0.74698795 | AU567: 0.85849057 | AV567: 0 | AW567: 0 | AX567: 0 | AY567: 0.6 | AZ567: 0.6760504 | BA567: 0 | BB567: 0 | BC567: 0 | BD567: 0.11111111 | BE567: 0 | BF567: 2.134541 | BG567: 0.74698795 | BH567: 0.11111111 | BI567: 0.21309875 | BJ567: 0.73836731 | BK567: 0.055555556 | BL567: 0.33567387 | BM567: TRUE | BN567: 74408
A568: 220539 | B568: 57 | C568: Defensor Stélio Dener | D568: REPUBLICANOS | E568: M | F568: 1972-11-16 | G568: 0 | H568: 50 | I568: 603 | J568: 1.06 | K568: 0 | L568: 0 | M568: 0 | N568: 0 | O568: 49 | P568: 3.8918203 | Q568: 0 | R568: 0 | S568: 0 | T568: 1 | U568: 0 | V568: 0 | W568: 0 | X568: 0 | Y568: 0 | Z568: 1 | AA568: 0 | AB568: 49 | AC568: 1.06 | AD568: 0 | AE568: 0 | AF568: 0 | AG568: 3.912023 | AH568: 0.39759036 | AI568: 0 | AJ568: 0 | AK568: 0 | AL568: 0 | AM568: 0.11111111 | AN568: 0 | AO568: 1 | AP568: 0 | AQ568: 0 | AR568: 0 | AS568: 0.42780466 | AT568: 0.39759036 | AU568: 1 | AV568: 0 | AW568: 0 | AX568: 0 | AY568: 0 | AZ568: 0.85560932 | BA568: 0 | BB568: 0 | BC568: 0 | BD568: 0.11111111 | BE568: 0 | BF568: 1.8556093 | BG568: 0.39759036 | BH568: 0.11111111 | BI568: 0.18525202 | BJ568: 0.39300196 | BK568: 0.055555556 | BL568: 0.21126984 | BM568: TRUE | BN568: 74367
A569: 204530 | B569: 56 | C569: Rodrigo Agostinho | D569: PSB | E569: M | F569: 1977-12-12 | G569: Mestrado | H569: 41 | I569: 1460 | J569: 1 | K569: 0 | L569: 0 | M569: 0 | N569: 1 | O569: 41 | P569: 3.7135721 | Q569: 0 | R569: 2 | S569: 0 | T569: 1 | U569: 1 | V569: 0 | W569: 0 | X569: 0 | Y569: 1 | Z569: 1 | AA569: 1 | AB569: 41 | AC569: 1 | AD569: 0 | AE569: 2 | AF569: 0 | AG569: 3.7376696 | AH569: 0.5060241 | AI569: 0 | AJ569: 0 | AK569: 0 | AL569: 0.2 | AM569: 0.11111111 | AN569: 0.14285714 | AO569: 0.94339623 | AP569: 0 | AQ569: 0.33333333 | AR569: 0 | AS569: 0.408738 | AT569: 0.5060241 | AU569: 0.94339623 | AV569: 0 | AW569: 0 | AX569: 0 | AY569: 0.6 | AZ569: 0.81747601 | BA569: 0 | BB569: 0.033333333 | BC569: 0 | BD569: 0.11111111 | BE569: 0.14285714 | BF569: 2.3608722 | BG569: 0.53935743 | BH569: 0.25396825 | BI569: 0.2356942 | BJ569: 0.53313296 | BK569: 0.12698413 | BL569: 0.29860376 | BM569: TRUE | BN569: 74364
A570: 74582 | B570: 51 | C570: GLYCON TERRA PINTO | D570: PMDB | E570: M | F570: 1962-10-02 | G570: Superior Incompleto | H570: 36 | I570: 1460 | J570: 1 | K570: 0 | L570: 0 | M570: 0 | N570: 0 | O570: 2 | P570: 0.69314718 | Q570: 0 | R570: 2 | S570: 0 | T570: 1 | U570: 1 | V570: 0 | W570: 0 | X570: 0 | Y570: 0 | Z570: 1 | AA570: 1 | AB570: 2 | AC570: 1 | AD570: 0 | AE570: 2 | AF570: 0 | AG570: 1.0986123 | AH570: 0.56626506 | AI570: 0 | AJ570: 0 | AK570: 0 | AL570: 0 | AM570: 0.11111111 | AN570: 0.14285714 | AO570: 0.94339623 | AP570: 0 | AQ570: 0.33333333 | AR570: 0 | AS570: 0.12014026 | AT570: 0.56626506 | AU570: 0.94339623 | AV570: 0 | AW570: 0 | AX570: 0 | AY570: 0 | AZ570: 0.24028052 | BA570: 0 | BB570: 0.033333333 | BC570: 0 | BD570: 0.11111111 | BE570: 0.14285714 | BF570: 1.1836767 | BG570: 0.59959839 | BH570: 0.25396825 | BI570: 0.11817062 | BJ570: 0.59267871 | BK570: 0.12698413 | BL570: 0.27927782 | BM570: TRUE | BN570: 74363
A571: 73554 | B571: 50 | C571: DE VELASCO | D571: PSL | E571: M | F571: 1937-02-10 | G571: Superior | H571: 57 | I571: 1460 | J571: 1 | K571: 0 | L571: 0 | M571: 0 | N571: 0 | O571: 1 | P571: 0 | Q571: 1 | R571: 0 | S571: 0 | T571: 1 | U571: 1 | V571: 0 | W571: 0 | X571: 0 | Y571: 0 | Z571: 1 | AA571: 1 | AB571: 1 | AC571: 1 | AD571: 1 | AE571: 0 | AF571: 0 | AG571: 0.69314718 | AH571: 0.31325301 | AI571: 0 | AJ571: 0 | AK571: 0 | AL571: 0 | AM571: 0.11111111 | AN571: 0.14285714 | AO571: 0.94339623 | AP571: 0.14285714 | AQ571: 0 | AR571: 0 | AS571: 0.075800064 | AT571: 0.31325301 | AU571: 0.94339623 | AV571: 0 | AW571: 0 | AX571: 0 | AY571: 0 | AZ571: 0.15160013 | BA571: 0.028571429 | BB571: 0 | BC571: 0 | BD571: 0.11111111 | BE571: 0.14285714 | BF571: 1.0949964 | BG571: 0.34182444 | BH571: 0.25396825 | BI571: 0.10931735 | BJ571: 0.3378796 | BK571: 0.12698413 | BL571: 0.19139369 | BM571: TRUE | BN571: 74357
A572: 73554 | B572: 51 | C572: DE VELASCO | D572: PSL | E572: M | F572: 1937-02-10 | G572: Superior | H572: 57 | I572: 1460 | J572: 1 | K572: 0 | L572: 0 | M572: 0 | N572: 0 | O572: 1 | P572: 0 | Q572: 1 | R572: 0 | S572: 0 | T572: 1 | U572: 0 | V572: 0 | W572: 0 | X572: 0 | Y572: 0 | Z572: 2 | AA572: 1 | AB572: 2 | AC572: 1 | AD572: 1 | AE572: 0 | AF572: 0 | AG572: 1.0986123 | AH572: 0.31325301 | AI572: 0 | AJ572: 0 | AK572: 0 | AL572: 0 | AM572: 0.22222222 | AN572: 0.14285714 | AO572: 0.94339623 | AP572: 0.14285714 | AQ572: 0 | AR572: 0 | AS572: 0.12014026 | AT572: 0.31325301 | AU572: 0.94339623 | AV572: 0 | AW572: 0 | AX572: 0 | AY572: 0 | AZ572: 0.24028052 | BA572: 0.028571429 | BB572: 0 | BC572: 0 | BD572: 0.22222222 | BE572: 0.14285714 | BF572: 1.1836767 | BG572: 0.34182444 | BH572: 0.36507937 | BI572: 0.11817062 | BJ572: 0.3378796 | BK572: 0.18253968 | BL572: 0.2128633 | BM572: TRUE | BN572: 74357
A573: 198783 | B573: 56 | C573: Emanuel Pinheiro Neto | D573: MDB | E573: M | F573: 1995-01-05 | G573: Superior | H573: 24 | I573: 1460 | J573: 1 | K573: 0 | L573: 0 | M573: 0 | N573: 1 | O573: 17 | P573: 2.8332133 | Q573: 0 | R573: 0 | S573: 0 | T573: 0 | U573: 1 | V573: 0 | W573: 0 | X573: 0 | Y573: 1 | Z573: 0 | AA573: 1 | AB573: 17 | AC573: 1 | AD573: 0 | AE573: 0 | AF573: 0 | AG573: 2.8903718 | AH573: 0.71084337 | AI573: 0 | AJ573: 0 | AK573: 0 | AL573: 0.2 | AM573: 0 | AN573: 0.14285714 | AO573: 0.94339623 | AP573: 0 | AQ573: 0 | AR573: 0 | AS573: 0.31608058 | AT573: 0.71084337 | AU573: 0.94339623 | AV573: 0 | AW573: 0 | AX573: 0 | AY573: 0.6 | AZ573: 0.63216116 | BA573: 0 | BB573: 0 | BC573: 0 | BD573: 0 | BE573: 0.14285714 | BF573: 2.1755574 | BG573: 0.71084337 | BH573: 0.14285714 | BI573: 0.21719356 | BJ573: 0.70263986 | BK573: 0.071428571 | BL573: 0.33042066 | BM573: TRUE | BN573: 74356
A574: 198783 | B574: 57 | C574: Emanuel Pinheiro Neto | D574: MDB | E574: M | F574: 1995-01-05 | G574: Superior | H574: 24 | I574: 603 | J574: 1.06 | K574: 0 | L574: 0 | M574: 0 | N574: 0 | O574: 0 | P574: 0 | Q574: 0 | R574: 0 | S574: 0 | T574: 1 | U574: 0 | V574: 0 | W574: 0 | X574: 0 | Y574: 1 | Z574: 1 | AA574: 1 | AB574: 17 | AC574: 1.03 | AD574: 0 | AE574: 0 | AF574: 0 | AG574: 2.8903718 | AH574: 0.71084337 | AI574: 0 | AJ574: 0 | AK574: 0 | AL574: 0.2 | AM574: 0.11111111 | AN574: 0.14285714 | AO574: 0.97169811 | AP574: 0 | AQ574: 0 | AR574: 0 | AS574: 0.31608058 | AT574: 0.71084337 | AU574: 0.97169811 | AV574: 0 | AW574: 0 | AX574: 0 | AY574: 0.6 | AZ574: 0.63216116 | BA574: 0 | BB574: 0 | BC574: 0 | BD574: 0.11111111 | BE574: 0.14285714 | BF574: 2.2038593 | BG574: 0.71084337 | BH574: 0.25396825 | BI574: 0.22001904 | BJ574: 0.70263986 | BK574: 0.12698413 | BL574: 0.34988101 | BM574: FALSE | BN574: 74356
A575: 74399 | B575: 52 | C575: Onyx Lorenzoni | D575: PL | E575: M | F575: 1954-10-03 | G575: Superior | H575: 48 | I575: 1460 | J575: 1 | K575: 0 | L575: 0 | M575: 0 | N575: 0 | O575: 2 | P575: 0.69314718 | Q575: 2 | R575: 0 | S575: 0 | T575: 0 | U575: 1 | V575: 0 | W575: 0 | X575: 0 | Y575: 0 | Z575: 0 | AA575: 1 | AB575: 2 | AC575: 1 | AD575: 2 | AE575: 0 | AF575: 0 | AG575: 1.0986123 | AH575: 0.42168675 | AI575: 0 | AJ575: 0 | AK575: 0 | AL575: 0 | AM575: 0 | AN575: 0.14285714 | AO575: 0.94339623 | AP575: 0.28571429 | AQ575: 0 | AR575: 0 | AS575: 0.12014026 | AT575: 0.42168675 | AU575: 0.94339623 | AV575: 0 | AW575: 0 | AX575: 0 | AY575: 0 | AZ575: 0.24028052 | BA575: 0.057142857 | BB575: 0 | BC575: 0 | BD575: 0 | BE575: 0.14285714 | BF575: 1.1836767 | BG575: 0.4788296 | BH575: 0.14285714 | BI575: 0.11817062 | BJ575: 0.47330365 | BK575: 0.071428571 | BL575: 0.22096762 | BM575: TRUE | BN575: 74350
A576: 74399 | B576: 53 | C576: Onyx Lorenzoni | D576: PL | E576: M | F576: 1954-10-03 | G576: Superior | H576: 48 | I576: 1460 | J576: 1 | K576: 0 | L576: 0 | M576: 1 | N576: 2 | O576: 1 | P576: 0 | Q576: 2 | R576: 0 | S576: 0 | T576: 0 | U576: 1 | V576: 0 | W576: 0 | X576: 1 | Y576: 2 | Z576: 0 | AA576: 2 | AB576: 3 | AC576: 1 | AD576: 2 | AE576: 0 | AF576: 0 | AG576: 1.3862944 | AH576: 0.42168675 | AI576: 0 | AJ576: 0 | AK576: 0.2 | AL576: 0.4 | AM576: 0 | AN576: 0.28571429 | AO576: 0.94339623 | AP576: 0.28571429 | AQ576: 0 | AR576: 0 | AS576: 0.15160013 | AT576: 0.42168675 | AU576: 0.94339623 | AV576: 0 | AW576: 0 | AX576: 0.8 | AY576: 1.2 | AZ576: 0.30320025 | BA576: 0.057142857 | BB576: 0 | BC576: 0 | BD576: 0 | BE576: 0.28571429 | BF576: 3.2465965 | BG576: 0.4788296 | BH576: 0.28571429 | BI576: 0.32411917 | BJ576: 0.47330365 | BK576: 0.14285714 | BL576: 0.31342666 | BM576: TRUE | BN576: 74350
A577: 74399 | B577: 54 | C577: Onyx Lorenzoni | D577: PL | E577: M | F577: 1954-10-03 | G577: Superior | H577: 48 | I577: 1460 | J577: 1 | K577: 0 | L577: 0 | M577: 0 | N577: 0 | O577: 35 | P577: 3.5553481 | Q577: 2 | R577: 0 | S577: 0 | T577: 1 | U577: 1 | V577: 0 | W577: 0 | X577: 1 | Y577: 2 | Z577: 1 | AA577: 3 | AB577: 38 | AC577: 1 | AD577: 2 | AE577: 0 | AF577: 0 | AG577: 3.6635616 | AH577: 0.42168675 | AI577: 0 | AJ577: 0 | AK577: 0.2 | AL577: 0.4 | AM577: 0.11111111 | AN577: 0.42857143 | AO577: 0.94339623 | AP577: 0.28571429 | AQ577: 0 | AR577: 0 | AS577: 0.40063382 | AT577: 0.42168675 | AU577: 0.94339623 | AV577: 0 | AW577: 0 | AX577: 0.8 | AY577: 1.2 | AZ577: 0.80126765 | BA577: 0.057142857 | BB577: 0 | BC577: 0 | BD577: 0.11111111 | BE577: 0.42857143 | BF577: 3.7446639 | BG577: 0.4788296 | BH577: 0.53968254 | BI577: 0.37384299 | BJ577: 0.47330365 | BK577: 0.26984127 | BL577: 0.37232931 | BM577: TRUE | BN577: 74350
A578: 74399 | B578: 55 | C578: Onyx Lorenzoni | D578: PL | E578: M | F578: 1954-10-03 | G578: Superior | H578: 48 | I578: 1373 | J578: 0.94 | K578: 0 | L578: 0 | M578: 0 | N578: 0 | O578: 12 | P578: 2.4849066 | Q578: 2 | R578: 0 | S578: 0 | T578: 1 | U578: 1 | V578: 0 | W578: 0 | X578: 1 | Y578: 2 | Z578: 2 | AA578: 4 | AB578: 50 | AC578: 0.985 | AD578: 2 | AE578: 0 | AF578: 0 | AG578: 3.9318256 | AH578: 0.42168675 | AI578: 0 | AJ578: 0 | AK578: 0.2 | AL578: 0.4 | AM578: 0.22222222 | AN578: 0.57142857 | AO578: 0.92924528 | AP578: 0.28571429 | AQ578: 0 | AR578: 0 | AS578: 0.4299702 | AT578: 0.42168675 | AU578: 0.92924528 | AV578: 0 | AW578: 0 | AX578: 0.8 | AY578: 1.2 | AZ578: 0.8599404 | BA578: 0.057142857 | BB578: 0 | BC578: 0 | BD578: 0.22222222 | BE578: 0.57142857 | BF578: 3.7891857 | BG578: 0.4788296 | BH578: 0.79365079 | BI578: 0.37828776 | BJ578: 0.47330365 | BK578: 0.3968254 | BL578: 0.41613894 | BM578: FALSE | BN578: 74350
A579: 74399 | B579: 56 | C579: Onyx Lorenzoni | D579: PL | E579: M | F579: 1954-10-03 | G579: Superior | H579: 48 | I579: 335 | J579: 0.23 | K579: 0 | L579: 0 | M579: 0 | N579: 0 | O579: 0 | P579: 0 | Q579: 2 | R579: 0 | S579: 0 | T579: 1 | U579: 0 | V579: 0 | W579: 0 | X579: 1 | Y579: 2 | Z579: 3 | AA579: 4 | AB579: 50 | AC579: 0.834 | AD579: 2 | AE579: 0 | AF579: 0 | AG579: 3.9318256 | AH579: 0.42168675 | AI579: 0 | AJ579: 0 | AK579: 0.2 | AL579: 0.4 | AM579: 0.33333333 | AN579: 0.57142857 | AO579: 0.78679245 | AP579: 0.28571429 | AQ579: 0 | AR579: 0 | AS579: 0.4299702 | AT579: 0.42168675 | AU579: 0.78679245 | AV579: 0 | AW579: 0 | AX579: 0.8 | AY579: 1.2 | AZ579: 0.8599404 | BA579: 0.057142857 | BB579: 0 | BC579: 0 | BD579: 0.33333333 | BE579: 0.57142857 | BF579: 3.6467329 | BG579: 0.4788296 | BH579: 0.9047619 | BI579: 0.36406619 | BJ579: 0.47330365 | BK579: 0.45238095 | BL579: 0.42991693 | BM579: FALSE | BN579: 74350
A580: 204351 | B580: 56 | C580: Dr. Luiz Ovando | D580: PP | E580: M | F580: 1949-09-25 | G580: Superior | H580: 69 | I580: 1460 | J580: 1 | K580: 0 | L580: 0 | M580: 0 | N580: 0 | O580: 11 | P580: 2.3978953 | Q580: 0 | R580: 0 | S580: 0 | T580: 1 | U580: 1 | V580: 0 | W580: 0 | X580: 0 | Y580: 0 | Z580: 1 | AA580: 1 | AB580: 11 | AC580: 1 | AD580: 0 | AE580: 0 | AF580: 0 | AG580: 2.4849066 | AH580: 0.1686747 | AI580: 0 | AJ580: 0 | AK580: 0 | AL580: 0 | AM580: 0.11111111 | AN580: 0.14285714 | AO580: 0.94339623 | AP580: 0 | AQ580: 0 | AR580: 0 | AS580: 0.27174039 | AT580: 0.1686747 | AU580: 0.94339623 | AV580: 0 | AW580: 0 | AX580: 0 | AY580: 0 | AZ580: 0.54348077 | BA580: 0 | BB580: 0 | BC580: 0 | BD580: 0.11111111 | BE580: 0.14285714 | BF580: 1.486877 | BG580: 0.1686747 | BH580: 0.25396825 | BI580: 0.14844017 | BJ580: 0.1667281 | BK580: 0.12698413 | BL580: 0.14738413 | BM580: TRUE | BN580: 74345
... A787: 178883 | B787: 55 | C787: ELIZIANE GAMA | D787: PPS | E787: F | F787: 1977-02-27 | G787: Superior | H787: 37 | I787: 1460 | J787: 1 | K787: 0 | L787: 0 | M787: 0 | N787: 0 | O787: 7 | P787: 1.9459101 | Q787: 1 | R787: 0 | S787: 0 | T787: 0 | U787: 1 | V787: 0 | W787: 0 | X787: 0 | Y787: 0 | Z787: 0 | AA787: 1 | AB787: 7 | AC787: 1 | AD787: 1 | AE787: 0 | AF787: 0 | AG787: 2.0794415 | AH787: 0.55421687 | AI787: 0 | AJ787: 0 | AK787: 0 | AL787: 0 | AM787: 0 | AN787: 0.14285714 | AO787: 0.94339623 | AP787: 0.14285714 | AQ787: 0 | AR787: 0 | AS787: 0.22740019 | AT787: 0.55421687 | AU787: 0.94339623 | AV787: 0 | AW787: 0 | AX787: 0 | AY787: 0 | AZ787: 0.45480038 | BA787: 0.028571429 | BB787: 0 | BC787: 0 | BD787: 0 | BE787: 0.14285714 | BF787: 1.3981966 | BG787: 0.5827883 | BH787: 0.14285714 | BI787: 0.1395869 | BJ787: 0.57606261 | BK787: 0.071428571 | BL787: 0.26235936 | BM787: TRUE | BN787: 1500
A788: 1500 | B788: 48 | C788: MÁRIO LIMA | D788: PMDB | E788: M | F788: 1935-02-19 | G788: Secundário | H788: 51 | I788: 1460 | J788: 1 | K788: 0 | L788: 0 | M788: 0 | N788: 0 | O788: 1 | P788: 0 | Q788: 0 | R788: 0 | S788: 0 | T788: 1 | U788: 0 | V788: 0 | W788: 0 | X788: 0 | Y788: 0 | Z788: 1 | AA788: 0 | AB788: 1 | AC788: 1 | AD788: 0 | AE788: 0 | AF788: 0 | AG788: 0.69314718 | AH788: 0.38554217 | AI788: 0 | AJ788: 0 | AK788: 0 | AL788: 0 | AM788: 0.11111111 | AN788: 0 | AO788: 0.94339623 | AP788: 0 | AQ788: 0 | AR788: 0 | AS788: 0.075800064 | AT788: 0.38554217 | AU788: 0.94339623 | AV788: 0 | AW788: 0 | AX788: 0 | AY788: 0 | AZ788: 0.15160013 | BA788: 0 | BB788: 0 | BC788: 0 | BD788: 0.11111111 | BE788: 0 | BF788: 1.0949964 | BG788: 0.38554217 | BH788: 0.11111111 | BI788: 0.10931735 | BJ788: 0.38109281 | BK788: 0.055555556 | BL788: 0.18198857 | BM788: FALSE
A789: 1501 | B789: 48 | C789: MAURÍCIO FRUET | D789: PMDB | E789: M | F789: 1939-08-12 | G789: Superior | H789: 47 | I789: 1460 | J789: 1 | K789: 0 | L789: 0 | M789: 0 | N789: 0 | O789: 0 | P789: 0 | Q789: 2 | R789: 1 | S789: 0 | T789: 1 | U789: 0 | V789: 0 | W789: 0 | X789: 0 | Y789: 0 | Z789: 1 | AA789: 0 | AB789: 0 | AC789: 1 | AD789: 2 | AE789: 1 | AF789: 0 | AG789: 0 | AH789: 0.43373494 | AI789: 0 | AJ789: 0 | AK789: 0 | AL789: 0 | AM789: 0.11111111 | AN789: 0 | AO789: 0.94339623 | AP789: 0.28571429 | AQ789: 0.16666667 | AR789: 0 | AS789: 0 | AT789: 0.43373494 | AU789: 0.94339623 | AV789: 0 | AW789: 0 | AX789: 0 | AY789: 0 | AZ789: 0 | BA789: 0.057142857 | BB789: 0.016666667 | BC789: 0 | BD789: 0.11111111 | BE789: 0 | BF789: 0.94339623 | BG789: 0.50754446 | BH789: 0.11111111 | BI789: 0.09418257 | BJ789: 0.50168713 | BK789: 0.055555556 | BL789: 0.21714175 | BM789: FALSE
A790: 1503 | B790: 48 | C790: OSWALDO LIMA FILHO | D790: PMDB | E790: M | F790: 1921-04-26 | G790: Superior | H790: 65 | I790: 1460 | J790: 1 | K790: 0 | L790: 0 | M790: 0 | N790: 0 | O790: 0 | P790: 0 | Q790: 2 | R790: 0 | S790: 0 | T790: 1 | U790: 0 | V790: 0 | W790: 0 | X790: 0 | Y790: 0 | Z790: 1 | AA790: 0 | AB790: 0 | AC790: 1 | AD790: 2 | AE790: 0 | AF790: 0 | AG790: 0 | AH790: 0.21686747 | AI790: 0 | AJ790: 0 | AK790: 0 | AL790: 0 | AM790: 0.11111111 | AN790: 0 | AO790: 0.94339623 | AP790: 0.28571429 | AQ790: 0 | AR790: 0 | AS790: 0 | AT790: 0.21686747 | AU790: 0.94339623 | AV790: 0 | AW790: 0 | AX790: 0 | AY790: 0 | AZ790: 0 | BA790: 0.057142857 | BB790: 0 | BC790: 0 | BD790: 0.11111111 | BE790: 0 | BF790: 0.94339623 | BG790: 0.27401033 | BH790: 0.11111111 | BI790: 0.09418257 | BJ790: 0.2708481 | BK790: 0.055555556 | BL790: 0.14019541 | BM790: FALSE
A791: 1518 | B791: 48 | C791: FERNANDO BASTOS | D791: PFL | E791: M | F791: 1932-12-03 | G791: Superior | H791: 54 | I791: 1460 | J791: 1 | K791: 0 | L791: 0 | M791: 0 | N791: 0 | O791: 0 | P791: 0 | Q791: 2 | R791: 0 | S791: 0 | T791: 1 | U791: 0 | V791: 0 | W791: 0 | X791: 0 | Y791: 0 | Z791: 1 | AA791: 0 | AB791: 0 | AC791: 1 | AD791: 2 | AE791: 0 | AF791: 0 | AG791: 0 | AH791: 0.34939759 | AI791: 0 | AJ791: 0 | AK791: 0 | AL791: 0 | AM791: 0.11111111 | AN791: 0 | AO791: 0.94339623 | AP791: 0.28571429 | AQ791: 0 | AR791: 0 | AS791: 0 | AT791: 0.34939759 | AU791: 0.94339623 | AV791: 0 | AW791: 0 | AX791: 0 | AY791: 0 | AZ791: 0 | BA791: 0.057142857 | BB791: 0 | BC791: 0 | BD791: 0.11111111 | BE791: 0 | BF791: 0.94339623 | BG791: 0.40654045 | BH791: 0.11111111 | BI791: 0.09418257 | BJ791: 0.40184875 | BK791: 0.055555556 | BL791: 0.18386229 | BM791: FALSE
A792: 1519 | B792: 48 | C792: ALZIRO GOMES | D792: PFL | E792: M | F792: 1923-07-10 | G792: Secundário | H792: 63 | I792: 1460 | J792: 1 | K792: 0 | L792: 0 | M792: 0 | N792: 0 | O792: 0 | P792: 0 | Q792: 2 | R792: 0 | S792: 0 | T792: 1 | U792: 0 | V792: 0 | W792: 0 | X792: 0 | Y792: 0 | Z792: 1 | AA792: 0 | AB792: 0 | AC792: 1 | AD792: 2 | AE792: 0 | AF792: 0 | AG792: 0 | AH792: 0.24096386 | AI792: 0 | AJ792: 0 | AK792: 0 | AL792: 0 | AM792: 0.11111111 | AN792: 0 | AO792: 0.94339623 | AP792: 0.28571429 | AQ792: 0 | AR792: 0 | AS792: 0 | AT792: 0.24096386 | AU792: 0.94339623 | AV792: 0 | AW792: 0 | AX792: 0 | AY792: 0 | AZ792: 0 | BA792: 0.057142857 | BB792: 0 | BC792: 0 | BD792: 0.11111111 | BE792: 0 | BF792: 0.94339623 | BG792: 0.29810671 | BH792: 0.11111111 | BI792: 0.09418257 | BJ792: 0.2946664 | BK792: 0.055555556 | BL792: 0.14813484 | BM792: FALSE
A793: 1524 | B793: 48 | C793: ALCIDES LIMA | D793: PFL | E793: M | F793: 1945-04-15 | G793: Superior | H793: 41 | I793: 1460 | J793: 1 | K793: 0 | L793: 0 | M793: 0 | N793: 0 | O793: 0 | P793: 0 | Q793: 0 | R793: 1 | S793: 0 | T793: 1 | U793: 0 | V793: 0 | W793: 0 | X793: 0 | Y793: 0 | Z793: 1 | AA793: 0 | AB793: 0 | AC793: 1 | AD793: 0 | AE793: 1 | AF793: 0 | AG793: 0 | AH793: 0.5060241 | AI793: 0 | AJ793: 0 | AK793: 0 | AL793: 0 | AM793: 0.11111111 | AN793: 0 | AO793: 0.94339623 | AP793: 0 | AQ793: 0.16666667 | AR793: 0 | AS793: 0 | AT793: 0.5060241 | AU793: 0.94339623 | AV793: 0 | AW793: 0 | AX793: 0 | AY793: 0 | AZ793: 0 | BA793: 0 | BB793: 0.016666667 | BC793: 0 | BD793: 0.11111111 | BE793: 0 | BF793: 0.94339623 | BG793: 0.52269076 | BH793: 0.11111111 | BI793: 0.09418257 | BJ793: 0.51665863 | BK793: 0.055555556 | BL793: 0.22213225 | BM793: FALSE
A794: 4927 | B794: 53 | C794: JORGINHO MALULY | D794: DEM | E794: M | F794: 1960-09-07 | G794: Superior | H794: 46 | I794: 1455 | J794: 1 | K794: 0 | L794: 0 | M794: 0 | N794: 0 | O794: 92 | P794: 4.5217886 | Q794: 0 | R794: 1 | S794: 0 | T794: 1 | U794: 1 | V794: 0 | W794: 0 | X794: 0 | Y794: 0 | Z794: 1 | AA794: 1 | AB794: 92 | AC794: 1 | AD794: 0 | AE794: 1 | AF794: 0 | AG794: 4.5325995 | AH794: 0.44578313 | AI794: 0 | AJ794: 0 | AK794: 0 | AL794: 0 | AM794: 0.11111111 | AN794: 0.14285714 | AO794: 0.94339623 | AP794: 0 | AQ794: 0.16666667 | AR794: 0 | AS794: 0.49566865 | AT794: 0.44578313 | AU794: 0.94339623 | AV794: 0 | AW794: 0 | AX794: 0 | AY794: 0 | AZ794: 0.99133731 | BA794: 0 | BB794: 0.016666667 | BC794: 0 | BD794: 0.11111111 | BE794: 0.14285714 | BF794: 1.9347335 | BG794: 0.4624498 | BH794: 0.25396825 | BI794: 0.19315127 | BJ794: 0.45711288 | BK794: 0.12698413 | BL794: 0.25908276 | BM794: FALSE
A795: 4928 | B795: 53 | C795: EDUARDO LOPES | D795: PRB | E795: M | F795: 1964-09-19 | G795: Superior | H795: 42 | I795: 1256 | J795: 0.86 | K795: 0 | L795: 0 | M795: 0 | N795: 0 | O795: 20 | P795: 2.9957323 | Q795: 0 | R795: 0 | S795: 0 | T795: 1 | U795: 0 | V795: 0 | W795: 0 | X795: 0 | Y795: 0 | Z795: 1 | AA795: 0 | AB795: 20 | AC795: 0.86 | AD795: 0 | AE795: 0 | AF795: 0 | AG795: 3.0445224 | AH795: 0.4939759 | AI795: 0 | AJ795: 0 | AK795: 0 | AL795: 0 | AM795: 0.11111111 | AN795: 0 | AO795: 0.81132075 | AP795: 0 | AQ795: 0 | AR795: 0 | AS795: 0.33293794 | AT795: 0.4939759 | AU795: 0.81132075 | AV795: 0 | AW795: 0 | AX795: 0 | AY795: 0 | AZ795: 0.66587588 | BA795: 0 | BB795: 0 | BC795: 0 | BD795: 0.11111111 | BE795: 0 | BF795: 1.4771966 | BG795: 0.4939759 | BH795: 0.11111111 | BI795: 0.14747375 | BJ795: 0.48827516 | BK795: 0.055555556 | BL795: 0.23043482 | BM795: FALSE
A796: 65480 | B796: 48 | C796: GERALDO ALCKMIN FILHO | D796: PSDB | E796: M | F796: 1952-11-07 | G796: Superior | H796: 34 | I796: 1460 | J796: 1 | K796: 0 | L796: 0 | M796: 0 | N796: 0 | O796: 0 | P796: 0 | Q796: 1 | R796: 1 | S796: 0 | T796: 1 | U796: 0 | V796: 0 | W796: 0 | X796: 0 | Y796: 0 | Z796: 1 | AA796: 0 | AB796: 0 | AC796: 1 | AD796: 1 | AE796: 1 | AF796: 0 | AG796: 0 | AH796: 0.59036145 | AI796: 0 | AJ796: 0 | AK796: 0 | AL796: 0 | AM796: 0.11111111 | AN796: 0 | AO796: 0.94339623 | AP796: 0.14285714 | AQ796: 0.16666667 | AR796: 0 | AS796: 0 | AT796: 0.59036145 | AU796: 0.94339623 | AV796: 0 | AW796: 0 | AX796: 0 | AY796: 0 | AZ796: 0 | BA796: 0.028571429 | BB796: 0.016666667 | BC796: 0 | BD796: 0.11111111 | BE796: 0 | BF796: 0.94339623 | BG796: 0.63559954 | BH796: 0.11111111 | BI796: 0.09418257 | BJ796: 0.62826438 | BK796: 0.055555556 | BL796: 0.25933417 | BM796: FALSE
A797: 65480 | B797: 49 | C797: GERALDO ALCKMIN FILHO | D797: PSDB | E797: M | F797: 1952-11-07 | G797: Superior | H797: 34 | I797: 1460 | J797: 1 | K797: 0 | L797: 0 | M797: 0 | N797: 0 | O797: 0 | P797: 0 | Q797: 1 | R797: 1 | S797: 0 | T797: 1 | U797: 0 | V797: 0 | W797: 0 | X797: 0 | Y797: 0 | Z797: 2 | AA797: 0 | AB797: 0 | AC797: 1 | AD797: 1 | AE797: 1 | AF797: 0 | AG797: 0 | AH797: 0.59036145 | AI797: 0 | AJ797: 0 | AK797: 0 | AL797: 0 | AM797: 0.22222222 | AN797: 0 | AO797: 0.94339623 | AP797: 0.14285714 | AQ797: 0.16666667 | AR797: 0 | AS797: 0 | AT797: 0.59036145 | AU797: 0.94339623 | AV797: 0 | AW797: 0 | AX797: 0 | AY797: 0 | AZ797: 0 | BA797: 0.028571429 | BB797: 0.016666667 | BC797: 0 | BD797: 0.22222222 | BE797: 0 | BF797: 0.94339623 | BG797: 0.63559954 | BH797: 0.22222222 | BI797: 0.09418257 | BJ797: 0.62826438 | BK797: 0.11111111 | BL797: 0.27785269 | BM797: FALSE
A798: 65495 | B798: 48 | C798: JOSÉ SERRA | D798: PSDB | E798: M | F798: 1942-03-19 | G798: Superior | H798: 44 | I798: 1460 | J798: 1 | K798: 0 | L798: 0 | M798: 0 | N798: 0 | O798: 0 | P798: 0 | Q798: 0 | R798: 0 | S798: 0 | T798: 1 | U798: 0 | V798: 0 | W798: 0 | X798: 0 | Y798: 0 | Z798: 1 | AA798: 0 | AB798: 0 | AC798: 1 | AD798: 0 | AE798: 0 | AF798: 0 | AG798: 0 | AH798: 0.46987952 | AI798: 0 | AJ798: 0 | AK798: 0 | AL798: 0 | AM798: 0.11111111 | AN798: 0 | AO798: 0.94339623 | AP798: 0 | AQ798: 0 | AR798: 0 | AS798: 0 | AT798: 0.46987952 | AU798: 0.94339623 | AV798: 0 | AW798: 0 | AX798: 0 | AY798: 0 | AZ798: 0 | BA798: 0 | BB798: 0 | BC798: 0 | BD798: 0.11111111 | BE798: 0 | BF798: 0.94339623 | BG798: 0.46987952 | BH798: 0.11111111 | BI798: 0.09418257 | BJ798: 0.46445686 | BK798: 0.055555556 | BL798: 0.20473166 | BM798: FALSE
A799: 65495 | B799: 49 | C799: JOSÉ SERRA | D799: PSDB | E799: M | F799: 1942-03-19 | G799: Superior | H799: 44 | I799: 1460 | J799: 1 | K799: 0 | L799: 0 | M799: 0 | N799: 0 | O799: 0 | P799: 0 | Q799: 0 | R799: 0 | S799: 0 | T799: 1 | U799: 0 | V799: 0 | W799: 0 | X799: 0 | Y799: 0 | Z799: 2 | AA799: 0 | AB799: 0 | AC799: 1 | AD799: 0 | AE799: 0 | AF799: 0 | AG799: 0 | AH799: 0.46987952 | AI799: 0 | AJ799: 0 | AK799: 0 | AL799: 0 | AM799: 0.22222222 | AN799: 0 | AO799: 0.94339623 | AP799: 0 | AQ799: 0 | AR799: 0 | AS799: 0 | AT799: 0.46987952 | AU799: 0.94339623 | AV799: 0 | AW799: 0 | AX799: 0 | AY799: 0 | AZ799: 0 | BA799: 0 | BB799: 0 | BC799: 0 | BD799: 0.22222222 | BE799: 0 | BF799: 0.94339623 | BG799: 0.46987952 | BH799: 0.22222222 | BI799: 0.09418257 | BJ799: 0.46445686 | BK799: 0.11111111 | BL799: 0.22325018 | BM799: FALSE
... A1467: 162174 | B1467: 54 | C1467: POLICARPO | D1467: PT | E1467: M | F1467: 1967-02-22 | G1467: Superior | H1467: 43 | I1467: 1403 | J1467: 0.96 | K1467: 0 | L1467: 0 | M1467: 0 | N1467: 0 | O1467: 64 | P1467: 4.1588831 | Q1467: 0 | R1467: 0 | S1467: 0 | T1467: 1 | U1467: 1 | V1467: 0 | W1467: 0 | X1467: 0 | Y1467: 0 | Z1467: 1 | AA1467: 1 | AB1467: 64 | AC1467: 0.96 | AD1467: 0 | AE1467: 0 | AF1467: 0 | AG1467: 4.1743873 | AH1467: 0.48192771 | AI1467: 0 | AJ1467: 0 | AK1467: 0 | AL1467: 0 | AM1467: 0.11111111 | AN1467: 0.14285714 | AO1467: 0.90566038 | AP1467: 0 | AQ1467: 0 | AR1467: 0 | AS1467: 0.45649586 | AT1467: 0.48192771 | AU1467: 0.90566038 | AV1467: 0 | AW1467: 0 | AX1467: 0 | AY1467: 0 | AZ1467: 0.91299173 | BA1467: 0 | BB1467: 0 | BC1467: 0 | BD1467: 0.11111111 | BE1467: 0.14285714 | BF1467: 1.8186521 | BG1467: 0.48192771 | BH1467: 0.25396825 | BI1467: 0.18156245 | BJ1467: 0.47636601 | BK1467: 0.12698413 | BL1467: 0.26163753 | BM1467: FALSE
A1468: 163322 | B1468: 54 | C1468: VILALBA | D1468: PP** | E1468: M | F1468: 1961-12-16 | G1468: 0 | H1468: 49 | I1468: 1445 | J1468: 0.99 | K1468: 0 | L1468: 0 | M1468: 0 | N1468: 0 | O1468: 12 | P1468: 2.4849066 | Q1468: 0 | R1468: 0 | S1468: 0 | T1468: 1 | U1468: 1 | V1468: 0 | W1468: 0 | X1468: 0 | Y1468: 0 | Z1468: 1 | AA1468: 1 | AB1468: 12 | AC1468: 0.99 | AD1468: 0 | AE1468: 0 | AF1468: 0 | AG1468: 2.5649494 | AH1468: 0.40963855 | AI1468: 0 | AJ1468: 0 | AK1468: 0 | AL1468: 0 | AM1468: 0.11111111 | AN1468: 0.14285714 | AO1468: 0.93396226 | AP1468: 0 | AQ1468: 0 | AR1468: 0 | AS1468: 0.28049357 | AT1468: 0.40963855 | AU1468: 0.93396226 | AV1468: 0 | AW1468: 0 | AX1468: 0 | AY1468: 0 | AZ1468: 0.56098713 | BA1468: 0 | BB1468: 0 | BC1468: 0 | BD1468: 0.11111111 | BE1468: 0.14285714 | BF1468: 1.4949494 | BG1468: 0.40963855 | BH1468: 0.25396825 | BI1468: 0.14924607 | BJ1468: 0.40491111 | BK1468: 0.12698413 | BL1468: 0.2270471 | BM1468: FALSE
A1469: 165583 | B1469: 54 | C1469: CARLOS ROBERTO | D1469: PSDB | E1469: M | F1469: 1955-12-25 | G1469: Ensino Técnico | H1469: 55 | I1469: 662 | J1469: 0.45 | K1469: 0 | L1469: 0 | M1469: 0 | N1469: 0 | O1469: 6 | P1469: 1.7917595 | Q1469: 0 | R1469: 2 | S1469: 0 | T1469: 0 | U1469: 0 | V1469: 0 | W1469: 0 | X1469: 0 | Y1469: 0 | Z1469: 0 | AA1469: 0 | AB1469: 6 | AC1469: 0.45 | AD1469: 0 | AE1469: 2 | AF1469: 0 | AG1469: 1.9459101 | AH1469: 0.3373494 | AI1469: 0 | AJ1469: 0 | AK1469: 0 | AL1469: 0 | AM1469: 0 | AN1469: 0 | AO1469: 0.4245283 | AP1469: 0 | AQ1469: 0.33333333 | AR1469: 0 | AS1469: 0.21279768 | AT1469: 0.3373494 | AU1469: 0.4245283 | AV1469: 0 | AW1469: 0 | AX1469: 0 | AY1469: 0 | AZ1469: 0.42559536 | BA1469: 0 | BB1469: 0.033333333 | BC1469: 0 | BD1469: 0 | BE1469: 0 | BF1469: 0.85012367 | BG1469: 0.37068273 | BH1469: 0 | BI1469: 0.084870842 | BJ1469: 0.36640485 | BK1469: 0 | BL1469: 0.15042523 | BM1469: FALSE
A1470: 166401 | B1470: 54 | C1470: NILSON LEITÃO | D1470: PSDB | E1470: M | F1470: 1969-02-25 | G1470: Ensino Técnico | H1470: 41 | I1470: 1298 | J1470: 0.89 | K1470: 0 | L1470: 0 | M1470: 1 | N1470: 0 | O1470: 7 | P1470: 1.9459101 | Q1470: 1 | R1470: 1 | S1470: 0 | T1470: 1 | U1470: 1 | V1470: 0 | W1470: 0 | X1470: 1 | Y1470: 0 | Z1470: 1 | AA1470: 1 | AB1470: 7 | AC1470: 0.89 | AD1470: 1 | AE1470: 1 | AF1470: 0 | AG1470: 2.0794415 | AH1470: 0.5060241 | AI1470: 0 | AJ1470: 0 | AK1470: 0.2 | AL1470: 0 | AM1470: 0.11111111 | AN1470: 0.14285714 | AO1470: 0.83962264 | AP1470: 0.14285714 | AQ1470: 0.16666667 | AR1470: 0 | AS1470: 0.22740019 | AT1470: 0.5060241 | AU1470: 0.83962264 | AV1470: 0 | AW1470: 0 | AX1470: 0.8 | AY1470: 0 | AZ1470: 0.45480038 | BA1470: 0.028571429 | BB1470: 0.016666667 | BC1470: 0 | BD1470: 0.11111111 | BE1470: 0.14285714 | BF1470: 2.094423 | BG1470: 0.55126219 | BH1470: 0.25396825 | BI1470: 0.20909363 | BJ1470: 0.54490033 | BK1470: 0.12698413 | BL1470: 0.29365936 | BM1470: FALSE
A1471: 166401 | B1471: 55 | C1471: NILSON LEITÃO | D1471: PSDB | E1471: M | F1471: 1969-02-25 | G1471: Ensino Técnico | H1471: 41 | I1471: 1460 | J1471: 1 | K1471: 0 | L1471: 0 | M1471: 1 | N1471: 0 | O1471: 8 | P1471: 2.0794415 | Q1471: 1 | R1471: 1 | S1471: 0 | T1471: 1 | U1471: 1 | V1471: 0 | W1471: 0 | X1471: 2 | Y1471: 0 | Z1471: 2 | AA1471: 2 | AB1471: 15 | AC1471: 0.945 | AD1471: 1 | AE1471: 1 | AF1471: 0 | AG1471: 2.7725887 | AH1471: 0.5060241 | AI1471: 0 | AJ1471: 0 | AK1471: 0.4 | AL1471: 0 | AM1471: 0.22222222 | AN1471: 0.28571429 | AO1471: 0.89150943 | AP1471: 0.14285714 | AQ1471: 0.16666667 | AR1471: 0 | AS1471: 0.30320025 | AT1471: 0.5060241 | AU1471: 0.89150943 | AV1471: 0 | AW1471: 0 | AX1471: 1.6 | AY1471: 0 | AZ1471: 0.60640051 | BA1471: 0.028571429 | BB1471: 0.016666667 | BC1471: 0 | BD1471: 0.22222222 | BE1471: 0.28571429 | BF1471: 3.0979099 | BG1471: 0.55126219 | BH1471: 0.50793651 | BI1471: 0.30927527 | BJ1471: 0.54490033 | BK1471: 0.25396825 | BL1471: 0.36938128 | BM1471: FALSE
A1472: 169711 | B1472: 54 | C1472: TELMA PINHEIRO | D1472: PSDB | E1472: F | F1472: 1952-03-12 | G1472: Superior | H1472: 58 | I1472: 110 | J1472: 0.08 | K1472: 0 | L1472: 0 | M1472: 0 | N1472: 0 | O1472: 0 | P1472: 0 | Q1472: 0 | R1472: 1 | S1472: 0 | T1472: 1 | U1472: 0 | V1472: 0 | W1472: 0 | X1472: 0 | Y1472: 0 | Z1472: 1 | AA1472: 0 | AB1472: 0 | AC1472: 0.08 | AD1472: 0 | AE1472: 1 | AF1472: 0 | AG1472: 0 | AH1472: 0.30120482 | AI1472: 0 | AJ1472: 0 | AK1472: 0 | AL1472: 0 | AM1472: 0.11111111 | AN1472: 0 | AO1472: 0.075471698 | AP1472: 0 | AQ1472: 0.16666667 | AR1472: 0 | AS1472: 0 | AT1472: 0.30120482 | AU1472: 0.075471698 | AV1472: 0 | AW1472: 0 | AX1472: 0 | AY1472: 0 | AZ1472: 0 | BA1472: 0 | BB1472: 0.016666667 | BC1472: 0 | BD1472: 0.11111111 | BE1472: 0 | BF1472: 0.075471698 | BG1472: 0.31787149 | BH1472: 0.11111111 | BI1472: 0.0075346056 | BJ1472: 0.31420308 | BK1472: 0.055555556 | BL1472: 0.12576441 | BM1472: FALSE
A1473: 171621 | B1473: 54 | C1473: EURICO JÚNIOR | D1473: PV | E1473: M | F1473: 1959-01-18 | G1473: Superior | H1473: 52 | I1473: 758 | J1473: 0.52 | K1473: 0 | L1473: 0 | M1473: 0 | N1473: 0 | O1473: 9 | P1473: 2.1972246 | Q1473: 0 | R1473: 1 | S1473: 0 | T1473: 0 | U1473: 1 | V1473: 0 | W1473: 0 | X1473: 0 | Y1473: 0 | Z1473: 0 | AA1473: 1 | AB1473: 9 | AC1473: 0.52 | AD1473: 0 | AE1473: 1 | AF1473: 0 | AG1473: 2.3025851 | AH1473: 0.37349398 | AI1473: 0 | AJ1473: 0 | AK1473: 0 | AL1473: 0 | AM1473: 0 | AN1473: 0.14285714 | AO1473: 0.49056604 | AP1473: 0 | AQ1473: 0.16666667 | AR1473: 0 | AS1473: 0.25180236 | AT1473: 0.37349398 | AU1473: 0.49056604 | AV1473: 0 | AW1473: 0 | AX1473: 0 | AY1473: 0 | AZ1473: 0.50360472 | BA1473: 0 | BB1473: 0.016666667 | BC1473: 0 | BD1473: 0 | BE1473: 0.14285714 | BF1473: 0.99417076 | BG1473: 0.39016064 | BH1473: 0.14285714 | BI1473: 0.099251571 | BJ1473: 0.38565798 | BK1473: 0.071428571 | BL1473: 0.18544604 | BM1473: FALSE
A1474: 177118 | B1474: 54 | C1474: DUDU LUIZ EDUARDO | D1474: PSDC | E1474: M | F1474: 1980-03-16 | G1474: Primário Incompleto | H1474: 30 | I1474: 115 | J1474: 0.08 | K1474: 0 | L1474: 0 | M1474: 0 | N1474: 0 | O1474: 1 | P1474: 0 | Q1474: 0 | R1474: 0 | S1474: 0 | T1474: 0 | U1474: 0 | V1474: 0 | W1474: 0 | X1474: 0 | Y1474: 0 | Z1474: 0 | AA1474: 0 | AB1474: 1 | AC1474: 0.08 | AD1474: 0 | AE1474: 0 | AF1474: 0 | AG1474: 0.69314718 | AH1474: 0.63855422 | AI1474: 0 | AJ1474: 0 | AK1474: 0 | AL1474: 0 | AM1474: 0 | AN1474: 0 | AO1474: 0.075471698 | AP1474: 0 | AQ1474: 0 | AR1474: 0 | AS1474: 0.075800064 | AT1474: 0.63855422 | AU1474: 0.075471698 | AV1474: 0 | AW1474: 0 | AX1474: 0 | AY1474: 0 | AZ1474: 0.15160013 | BA1474: 0 | BB1474: 0 | BC1474: 0 | BD1474: 0 | BE1474: 0 | BF1474: 0.22707183 | BG1474: 0.63855422 | BH1474: 0 | BI1474: 0.022669381 | BJ1474: 0.63118496 | BK1474: 0 | BL1474: 0.21795145 | BM1474: FALSE
A1475: 177282 | B1475: 54 | C1475: Subtenente Gonzaga | D1475: PSD | E1475: M | F1475: 1962-05-31 | G1475: Superior | H1475: 48 | I1475: 223 | J1475: 0.15 | K1475: 0 | L1475: 0 | M1475: 0 | N1475: 0 | O1475: 0 | P1475: 0 | Q1475: 0 | R1475: 0 | S1475: 0 | T1475: 0 | U1475: 1 | V1475: 0 | W1475: 0 | X1475: 0 | Y1475: 0 | Z1475: 0 | AA1475: 1 | AB1475: 0 | AC1475: 0.15 | AD1475: 0 | AE1475: 0 | AF1475: 0 | AG1475: 0 | AH1475: 0.42168675 | AI1475: 0 | AJ1475: 0 | AK1475: 0 | AL1475: 0 | AM1475: 0 | AN1475: 0.14285714 | AO1475: 0.14150943 | AP1475: 0 | AQ1475: 0 | AR1475: 0 | AS1475: 0 | AT1475: 0.42168675 | AU1475: 0.14150943 | AV1475: 0 | AW1475: 0 | AX1475: 0 | AY1475: 0 | AZ1475: 0 | BA1475: 0 | BB1475: 0 | BC1475: 0 | BD1475: 0 | BE1475: 0.14285714 | BF1475: 0.14150943 | BG1475: 0.42168675 | BH1475: 0.14285714 | BI1475: 0.014127386 | BJ1475: 0.41682026 | BK1475: 0.071428571 | BL1475: 0.16745874 | BM1475: FALSE
A1476: 177282 | B1476: 55 | C1476: Subtenente Gonzaga | D1476: PSD | E1476: M | F1476: 1962-05-31 | G1476: Superior | H1476: 48 | I1476: 1460 | J1476: 1 | K1476: 0 | L1476: 0 | M1476: 0 | N1476: 0 | O1476: 70 | P1476: 4.2484952 | Q1476: 0 | R1476: 0 | S1476: 0 | T1476: 1 | U1476: 1 | V1476: 0 | W1476: 0 | X1476: 0 | Y1476: 0 | Z1476: 1 | AA1476: 2 | AB1476: 70 | AC1476: 0.575 | AD1476: 0 | AE1476: 0 | AF1476: 0 | AG1476: 4.2626799 | AH1476: 0.42168675 | AI1476: 0 | AJ1476: 0 | AK1476: 0 | AL1476: 0 | AM1476: 0.11111111 | AN1476: 0.28571429 | AO1476: 0.54245283 | AP1476: 0 | AQ1476: 0 | AR1476: 0 | AS1476: 0.46615122 | AT1476: 0.42168675 | AU1476: 0.54245283 | AV1476: 0 | AW1476: 0 | AX1476: 0 | AY1476: 0 | AZ1476: 0.93230245 | BA1476: 0 | BB1476: 0 | BC1476: 0 | BD1476: 0.11111111 | BE1476: 0.28571429 | BF1476: 1.4747553 | BG1476: 0.42168675 | BH1476: 0.3968254 | BI1476: 0.14723002 | BJ1476: 0.41682026 | BK1476: 0.1984127 | BL1476: 0.25415432 | BM1476: FALSE
A1477: 177282 | B1477: 56 | C1477: Subtenente Gonzaga | D1477: PSD | E1477: M | F1477: 1962-05-31 | G1477: Superior | H1477: 48 | I1477: 1460 | J1477: 1 | K1477: 0 | L1477: 0 | M1477: 0 | N1477: 1 | O1477: 55 | P1477: 4.0073332 | Q1477: 0 | R1477: 0 | S1477: 0 | T1477: 1 | U1477: 1 | V1477: 0 | W1477: 0 | X1477: 0 | Y1477: 1 | Z1477: 2 | AA1477: 3 | AB1477: 125 | AC1477: 0.71666667 | AD1477: 0 | AE1477: 0 | AF1477: 0 | AG1477: 4.8362819 | AH1477: 0.42168675 | AI1477: 0 | AJ1477: 0 | AK1477: 0 | AL1477: 0.2 | AM1477: 0.22222222 | AN1477: 0.42857143 | AO1477: 0.67610063 | AP1477: 0 | AQ1477: 0 | AR1477: 0 | AS1477: 0.52887826 | AT1477: 0.42168675 | AU1477: 0.67610063 | AV1477: 0 | AW1477: 0 | AX1477: 0 | AY1477: 0.6 | AZ1477: 1.0577565 | BA1477: 0 | BB1477: 0 | BC1477: 0 | BD1477: 0.22222222 | BE1477: 0.42857143 | BF1477: 2.3338572 | BG1477: 0.42168675 | BH1477: 0.65079365 | BI1477: 0.23299719 | BJ1477: 0.41682026 | BK1477: 0.32539683 | BL1477: 0.32507142 | BM1477: FALSE
A1478: 178826 | B1478: 55 | C1478: MAJOR OLIMPIO | D1478: PSL | E1478: M | F1478: 1962-03-20 | G1478: Pós-Graduação | H1478: 52 | I1478: 1460 | J1478: 1 | K1478: 0 | L1478: 0 | M1478: 0 | N1478: 0 | O1478: 32 | P1478: 3.4657359 | Q1478: 1 | R1478: 0 | S1478: 0 | T1478: 0 | U1478: 1 | V1478: 0 | W1478: 0 | X1478: 0 | Y1478: 0 | Z1478: 0 | AA1478: 1 | AB1478: 32 | AC1478: 1 | AD1478: 1 | AE1478: 0 | AF1478: 0 | AG1478: 3.4965076 | AH1478: 0.37349398 | AI1478: 0 | AJ1478: 0 | AK1478: 0 | AL1478: 0 | AM1478: 0 | AN1478: 0.14285714 | AO1478: 0.94339623 | AP1478: 0.14285714 | AQ1478: 0 | AR1478: 0 | AS1478: 0.3823654 | AT1478: 0.37349398 | AU1478: 0.94339623 | AV1478: 0 | AW1478: 0 | AX1478: 0 | AY1478: 0 | AZ1478: 0.76473079 | BA1478: 0.028571429 | BB1478: 0 | BC1478: 0 | BD1478: 0 | BE1478: 0.14285714 | BF1478: 1.708127 | BG1478: 0.4020654 | BH1478: 0.14285714 | BI1478: 0.17052834 | BJ1478: 0.39742536 | BK1478: 0.071428571 | BL1478: 0.21312742 | BM1478: FALSE
A1479: 178832 | B1479: 55 | C1479: Leandre | D1479: PSD | E1479: F | F1479: 1975-12-20 | G1479: Superior | H1479: 39 | I1479: 1460 | J1479: 1 | K1479: 0 | L1479: 0 | M1479: 1 | N1479: 0 | O1479: 36 | P1479: 3.5835189 | Q1479: 0 | R1479: 0 | S1479: 0 | T1479: 1 | U1479: 1 | V1479: 0 | W1479: 0 | X1479: 1 | Y1479: 0 | Z1479: 1 | AA1479: 1 | AB1479: 36 | AC1479: 1 | AD1479: 0 | AE1479: 0 | AF1479: 0 | AG1479: 3.6109179 | AH1479: 0.53012048 | AI1479: 0 | AJ1479: 0 | AK1479: 0.2 | AL1479: 0 | AM1479: 0.11111111 | AN1479: 0.14285714 | AO1479: 0.94339623 | AP1479: 0 | AQ1479: 0 | AR1479: 0 | AS1479: 0.3948769 | AT1479: 0.53012048 | AU1479: 0.94339623 | AV1479: 0 | AW1479: 0 | AX1479: 0.8 | AY1479: 0 | AZ1479: 0.78975379 | BA1479: 0 | BB1479: 0 | BC1479: 0 | BD1479: 0.11111111 | BE1479: 0.14285714 | BF1479: 2.53315 | BG1479: 0.53012048 | BH1479: 0.25396825 | BI1479: 0.25289329 | BJ1479: 0.52400261 | BK1479: 0.12698413 | BL1479: 0.30129334 | BM1479: FALSE
A1480: 178832 | B1480: 56 | C1480: Leandre | D1480: PSD | E1480: F | F1480: 1975-12-20 | G1480: Superior | H1480: 39 | I1480: 1460 | J1480: 1 | K1480: 0 | L1480: 0 | M1480: 1 | N1480: 0 | O1480: 38 | P1480: 3.6375862 | Q1480: 0 | R1480: 0 | S1480: 0 | T1480: 1 | U1480: 1 | V1480: 0 | W1480: 0 | X1480: 2 | Y1480: 0 | Z1480: 2 | AA1480: 2 | AB1480: 74 | AC1480: 1 | AD1480: 0 | AE1480: 0 | AF1480: 0 | AG1480: 4.3174881 | AH1480: 0.53012048 | AI1480: 0 | AJ1480: 0 | AK1480: 0.4 | AL1480: 0 | AM1480: 0.22222222 | AN1480: 0.28571429 | AO1480: 0.94339623 | AP1480: 0 | AQ1480: 0 | AR1480: 0 | AS1480: 0.47214485 | AT1480: 0.53012048 | AU1480: 0.94339623 | AV1480: 0 | AW1480: 0 | AX1480: 1.6 | AY1480: 0 | AZ1480: 0.94428971 | BA1480: 0 | BB1480: 0 | BC1480: 0 | BD1480: 0.22222222 | BE1480: 0.28571429 | BF1480: 3.4876859 | BG1480: 0.53012048 | BH1480: 0.50793651 | BI1480: 0.34818798 | BJ1480: 0.52400261 | BK1480: 0.25396825 | BL1480: 0.37538628 | BM1480: FALSE
... A1650: 228042 | B1650: 57 | C1650: Naumi Amorim | D1650: PSD | E1650: M | F1650: 1967-01-30 | G1650: Ensino Médio | H1650: 56 | I1650: 14 | J1650: 0.02 | K1650: 0 | L1650: 0 | M1650: 0 | N1650: 0 | O1650: 0 | P1650: 0 | Q1650: 0 | R1650: 0 | S1650: 0 | T1650: 1 | U1650: 0 | V1650: 0 | W1650: 0 | X1650: 0 | Y1650: 0 | Z1650: 1 | AA1650: 0 | AB1650: 0 | AC1650: 0.02 | AD1650: 0 | AE1650: 0 | AF1650: 0 | AG1650: 0 | AH1650: 0.3253012 | AI1650: 0 | AJ1650: 0 | AK1650: 0 | AL1650: 0 | AM1650: 0.11111111 | AN1650: 0 | AO1650: 0.018867925 | AP1650: 0 | AQ1650: 0 | AR1650: 0 | AS1650: 0 | AT1650: 0.3253012 | AU1650: 0.018867925 | AV1650: 0 | AW1650: 0 | AX1650: 0 | AY1650: 0 | AZ1650: 0 | BA1650: 0 | BB1650: 0 | BC1650: 0 | BD1650: 0.11111111 | BE1650: 0 | BF1650: 0.018867925 | BG1650: 0.3253012 | BH1650: 0.11111111 | BI1650: 0.0018836514 | BJ1650: 0.32154706 | BK1650: 0.055555556 | BL1650: 0.12632875 | BM1650: FALSE
A1651: 228616 | B1651: 57 | C1651: Dr. Remy Soares | D1651: PP | E1651: M | F1651: 1990-10-04 | G1651: 0 | H1651: 32 | I1651: 142 | J1651: 0.25 | K1651: 0 | L1651: 0 | M1651: 0 | N1651: 0 | O1651: 9 | P1651: 2.1972246 | Q1651: 0 | R1651: 0 | S1651: 0 | T1651: 1 | U1651: 0 | V1651: 0 | W1651: 0 | X1651: 0 | Y1651: 0 | Z1651: 1 | AA1651: 0 | AB1651: 9 | AC1651: 0.25 | AD1651: 0 | AE1651: 0 | AF1651: 0 | AG1651: 2.3025851 | AH1651: 0.61445783 | AI1651: 0 | AJ1651: 0 | AK1651: 0 | AL1651: 0 | AM1651: 0.11111111 | AN1651: 0 | AO1651: 0.23584906 | AP1651: 0 | AQ1651: 0 | AR1651: 0 | AS1651: 0.25180236 | AT1651: 0.61445783 | AU1651: 0.23584906 | AV1651: 0 | AW1651: 0 | AX1651: 0 | AY1651: 0 | AZ1651: 0.50360472 | BA1651: 0 | BB1651: 0 | BC1651: 0 | BD1651: 0.11111111 | BE1651: 0 | BF1651: 0.73945378 | BG1651: 0.61445783 | BH1651: 0.11111111 | BI1651: 0.073822277 | BJ1651: 0.60736666 | BK1651: 0.055555556 | BL1651: 0.2455815 | BM1651: FALSE
A1652: 228837 | B1652: 57 | C1652: Juliana Kolankiewicz | D1652: MDB | E1652: F | F1652: 1979-08-11 | G1652: 0 | H1652: 43 | I1652: 122 | J1652: 0.21 | K1652: 0 | L1652: 0 | M1652: 0 | N1652: 0 | O1652: 1 | P1652: 0 | Q1652: 0 | R1652: 0 | S1652: 0 | T1652: 1 | U1652: 0 | V1652: 0 | W1652: 0 | X1652: 0 | Y1652: 0 | Z1652: 1 | AA1652: 0 | AB1652: 1 | AC1652: 0.21 | AD1652: 0 | AE1652: 0 | AF1652: 0 | AG1652: 0.69314718 | AH1652: 0.48192771 | AI1652: 0 | AJ1652: 0 | AK1652: 0 | AL1652: 0 | AM1652: 0.11111111 | AN1652: 0 | AO1652: 0.19811321 | AP1652: 0 | AQ1652: 0 | AR1652: 0 | AS1652: 0.075800064 | AT1652: 0.48192771 | AU1652: 0.19811321 | AV1652: 0 | AW1652: 0 | AX1652: 0 | AY1652: 0 | AZ1652: 0.15160013 | BA1652: 0 | BB1652: 0 | BC1652: 0 | BD1652: 0.11111111 | BE1652: 0 | BF1652: 0.34971333 | BG1652: 0.48192771 | BH1652: 0.11111111 | BI1652: 0.034913115 | BJ1652: 0.47636601 | BK1652: 0.055555556 | BL1652: 0.18894489 | BM1652: FALSE
A1653: 228941 | B1653: 57 | C1653: Daniel José | D1653: PODE | E1653: M | F1653: 1988-02-14 | G1653: Superior | H1653: 34 | I1653: 107 | J1653: 0.19 | K1653: 0 | L1653: 0 | M1653: 0 | N1653: 0 | O1653: 0 | P1653: 0 | Q1653: 0 | R1653: 0 | S1653: 0 | T1653: 1 | U1653: 0 | V1653: 0 | W1653: 0 | X1653: 0 | Y1653: 0 | Z1653: 1 | AA1653: 0 | AB1653: 0 | AC1653: 0.19 | AD1653: 0 | AE1653: 0 | AF1653: 0 | AG1653: 0 | AH1653: 0.59036145 | AI1653: 0 | AJ1653: 0 | AK1653: 0 | AL1653: 0 | AM1653: 0.11111111 | AN1653: 0 | AO1653: 0.17924528 | AP1653: 0 | AQ1653: 0 | AR1653: 0 | AS1653: 0 | AT1653: 0.59036145 | AU1653: 0.17924528 | AV1653: 0 | AW1653: 0 | AX1653: 0 | AY1653: 0 | AZ1653: 0 | BA1653: 0 | BB1653: 0 | BC1653: 0 | BD1653: 0.11111111 | BE1653: 0 | BF1653: 0.17924528 | BG1653: 0.59036145 | BH1653: 0.11111111 | BI1653: 0.017894688 | BJ1653: 0.58354836 | BK1653: 0.055555556 | BL1653: 0.21899953 | BM1653: FALSE
